{
  "bbox": [
    95.31460900000002,
    -10.16322089999998,
    140.7036221,
    22.830565199999967
  ],
  "type": "FeatureCollection",
  "features": [
    {
      "type": "Feature",
      "properties": {
        "FID_Place1": 3030,
        "osm_id": 262314145,
        "name": "Kupang",
        "type": "city",
        "population": 0,
        "FID_Asean": 9,
        "OBJECTID": 10,
        "Country": "Indonesia",
        "Lat": -10.1632209,
        "Long": 123.6017755,
        "flag": "https://moe-edugis.maps.arcgis.com/sharing/rest/content/items/9af730d5a30146048a610fe288698e4f/data"
      },
      "geometry": {
        "type": "Point",
        "coordinates": [
          123.60177550000003,
          -10.16322089999998
        ]
      }
    },
    {
      "type": "Feature",
      "properties": {
        "FID_Place1": 3090,
        "osm_id": 264994734,
        "name": "Ende",
        "type": "city",
        "population": 60000,
        "FID_Asean": 9,
        "OBJECTID": 10,
        "Country": "Indonesia",
        "Lat": -8.8439147,
        "Long": 121.647964,
        "flag": "https://moe-edugis.maps.arcgis.com/sharing/rest/content/items/9af730d5a30146048a610fe288698e4f/data"
      },
      "geometry": {
        "type": "Point",
        "coordinates": [
          121.64796399999999,
          -8.843914699999976
        ]
      }
    },
    {
      "type": "Feature",
      "properties": {
        "FID_Place1": 4342,
        "osm_id": 375735682,
        "name": "Bajawa",
        "type": "city",
        "population": 40000,
        "FID_Asean": 9,
        "OBJECTID": 10,
        "Country": "Indonesia",
        "Lat": -8.7867263,
        "Long": 120.9736258,
        "flag": "https://moe-edugis.maps.arcgis.com/sharing/rest/content/items/9af730d5a30146048a610fe288698e4f/data"
      },
      "geometry": {
        "type": "Point",
        "coordinates": [
          120.97362580000001,
          -8.786726299999957
        ]
      }
    },
    {
      "type": "Feature",
      "properties": {
        "FID_Place1": 4396,
        "osm_id": 413460775,
        "name": "Praya",
        "type": "city",
        "population": 0,
        "FID_Asean": 9,
        "OBJECTID": 10,
        "Country": "Indonesia",
        "Lat": -8.7161835,
        "Long": 116.2792707,
        "flag": "https://moe-edugis.maps.arcgis.com/sharing/rest/content/items/9af730d5a30146048a610fe288698e4f/data"
      },
      "geometry": {
        "type": "Point",
        "coordinates": [
          116.2792707,
          -8.716183499999973
        ]
      }
    },
    {
      "type": "Feature",
      "properties": {
        "FID_Place1": 3145,
        "osm_id": 274113797,
        "name": "Denpasar",
        "type": "city",
        "population": 0,
        "FID_Asean": 9,
        "OBJECTID": 10,
        "Country": "Indonesia",
        "Lat": -8.6528032,
        "Long": 115.2199259,
        "flag": "https://moe-edugis.maps.arcgis.com/sharing/rest/content/items/9af730d5a30146048a610fe288698e4f/data"
      },
      "geometry": {
        "type": "Point",
        "coordinates": [
          115.21992590000002,
          -8.652803200000024
        ]
      }
    },
    {
      "type": "Feature",
      "properties": {
        "FID_Place1": 3566,
        "osm_id": 314936180,
        "name": "Sukawati",
        "type": "city",
        "population": 0,
        "FID_Asean": 9,
        "OBJECTID": 10,
        "Country": "Indonesia",
        "Lat": -8.598565,
        "Long": 115.282122,
        "flag": "https://moe-edugis.maps.arcgis.com/sharing/rest/content/items/9af730d5a30146048a610fe288698e4f/data"
      },
      "geometry": {
        "type": "Point",
        "coordinates": [
          115.28212200000004,
          -8.598565000000034
        ]
      }
    },
    {
      "type": "Feature",
      "properties": {
        "FID_Place1": 3565,
        "osm_id": 314936121,
        "name": "Semarapura (Klungklung)",
        "type": "city",
        "population": 0,
        "FID_Asean": 9,
        "OBJECTID": 10,
        "Country": "Indonesia",
        "Lat": -8.535738,
        "Long": 115.4041559,
        "flag": "https://moe-edugis.maps.arcgis.com/sharing/rest/content/items/9af730d5a30146048a610fe288698e4f/data"
      },
      "geometry": {
        "type": "Point",
        "coordinates": [
          115.4041559,
          -8.535738000000036
        ]
      }
    },
    {
      "type": "Feature",
      "properties": {
        "FID_Place1": 125,
        "osm_id": 59080335,
        "name": "Yogyakarta",
        "type": "city",
        "population": 0,
        "FID_Asean": 9,
        "OBJECTID": 10,
        "Country": "Indonesia",
        "Lat": -7.7871982,
        "Long": 110.3764518,
        "flag": "https://moe-edugis.maps.arcgis.com/sharing/rest/content/items/9af730d5a30146048a610fe288698e4f/data"
      },
      "geometry": {
        "type": "Point",
        "coordinates": [
          110.37645179999998,
          -7.787198200000033
        ]
      }
    },
    {
      "type": "Feature",
      "properties": {
        "FID_Place1": 3025,
        "osm_id": 260119406,
        "name": "Surakarta",
        "type": "city",
        "population": 0,
        "FID_Asean": 9,
        "OBJECTID": 10,
        "Country": "Indonesia",
        "Lat": -7.5652944,
        "Long": 110.8162133,
        "flag": "https://moe-edugis.maps.arcgis.com/sharing/rest/content/items/9af730d5a30146048a610fe288698e4f/data"
      },
      "geometry": {
        "type": "Point",
        "coordinates": [
          110.8162133,
          -7.565294399999965
        ]
      }
    },
    {
      "type": "Feature",
      "properties": {
        "FID_Place1": 229,
        "osm_id": 116242444,
        "name": "Surabaya",
        "type": "city",
        "population": 0,
        "FID_Asean": 9,
        "OBJECTID": 10,
        "Country": "Indonesia",
        "Lat": -7.2445967,
        "Long": 112.7447936,
        "flag": "https://moe-edugis.maps.arcgis.com/sharing/rest/content/items/9af730d5a30146048a610fe288698e4f/data"
      },
      "geometry": {
        "type": "Point",
        "coordinates": [
          112.7447936,
          -7.244596700000004
        ]
      }
    },
    {
      "type": "Feature",
      "properties": {
        "FID_Place1": 3547,
        "osm_id": 311411285,
        "name": "Garut",
        "type": "city",
        "population": 0,
        "FID_Asean": 9,
        "OBJECTID": 10,
        "Country": "Indonesia",
        "Lat": -7.2153553,
        "Long": 107.9025352,
        "flag": "https://moe-edugis.maps.arcgis.com/sharing/rest/content/items/9af730d5a30146048a610fe288698e4f/data"
      },
      "geometry": {
        "type": "Point",
        "coordinates": [
          107.9025352,
          -7.215355299999958
        ]
      }
    },
    {
      "type": "Feature",
      "properties": {
        "FID_Place1": 2966,
        "osm_id": 256555232,
        "name": "Semarang",
        "type": "city",
        "population": 0,
        "FID_Asean": 9,
        "OBJECTID": 10,
        "Country": "Indonesia",
        "Lat": -6.9689375,
        "Long": 110.4231086,
        "flag": "https://moe-edugis.maps.arcgis.com/sharing/rest/content/items/9af730d5a30146048a610fe288698e4f/data"
      },
      "geometry": {
        "type": "Point",
        "coordinates": [
          110.4231086,
          -6.968937500000015
        ]
      }
    },
    {
      "type": "Feature",
      "properties": {
        "FID_Place1": 3043,
        "osm_id": 264158895,
        "name": "Bandung",
        "type": "city",
        "population": 0,
        "FID_Asean": 9,
        "OBJECTID": 10,
        "Country": "Indonesia",
        "Lat": -6.9220482,
        "Long": 107.6065309,
        "flag": "https://moe-edugis.maps.arcgis.com/sharing/rest/content/items/9af730d5a30146048a610fe288698e4f/data"
      },
      "geometry": {
        "type": "Point",
        "coordinates": [
          107.60653090000001,
          -6.922048200000029
        ]
      }
    },
    {
      "type": "Feature",
      "properties": {
        "FID_Place1": 3358,
        "osm_id": 306346868,
        "name": "Sukabumi",
        "type": "city",
        "population": 0,
        "FID_Asean": 9,
        "OBJECTID": 10,
        "Country": "Indonesia",
        "Lat": -6.9204625,
        "Long": 106.9283867,
        "flag": "https://moe-edugis.maps.arcgis.com/sharing/rest/content/items/9af730d5a30146048a610fe288698e4f/data"
      },
      "geometry": {
        "type": "Point",
        "coordinates": [
          106.92838669999999,
          -6.920462500000012
        ]
      }
    },
    {
      "type": "Feature",
      "properties": {
        "FID_Place1": 3354,
        "osm_id": 305875103,
        "name": "Cimahi",
        "type": "city",
        "population": 0,
        "FID_Asean": 9,
        "OBJECTID": 10,
        "Country": "Indonesia",
        "Lat": -6.8842486,
        "Long": 107.5369785,
        "flag": "https://moe-edugis.maps.arcgis.com/sharing/rest/content/items/9af730d5a30146048a610fe288698e4f/data"
      },
      "geometry": {
        "type": "Point",
        "coordinates": [
          107.5369785,
          -6.884248600000019
        ]
      }
    },
    {
      "type": "Feature",
      "properties": {
        "FID_Place1": 3356,
        "osm_id": 306307317,
        "name": "Padalarang",
        "type": "city",
        "population": 0,
        "FID_Asean": 9,
        "OBJECTID": 10,
        "Country": "Indonesia",
        "Lat": -6.8398514,
        "Long": 107.4878311,
        "flag": "https://moe-edugis.maps.arcgis.com/sharing/rest/content/items/9af730d5a30146048a610fe288698e4f/data"
      },
      "geometry": {
        "type": "Point",
        "coordinates": [
          107.48783109999997,
          -6.839851399999995
        ]
      }
    },
    {
      "type": "Feature",
      "properties": {
        "FID_Place1": 3357,
        "osm_id": 306313560,
        "name": "Cianjur",
        "type": "city",
        "population": 0,
        "FID_Asean": 9,
        "OBJECTID": 10,
        "Country": "Indonesia",
        "Lat": -6.8207618,
        "Long": 107.1391869,
        "flag": "https://moe-edugis.maps.arcgis.com/sharing/rest/content/items/9af730d5a30146048a610fe288698e4f/data"
      },
      "geometry": {
        "type": "Point",
        "coordinates": [
          107.13918689999998,
          -6.820761799999962
        ]
      }
    },
    {
      "type": "Feature",
      "properties": {
        "FID_Place1": 3355,
        "osm_id": 306106247,
        "name": "Lembang",
        "type": "city",
        "population": 0,
        "FID_Asean": 9,
        "OBJECTID": 10,
        "Country": "Indonesia",
        "Lat": -6.8146257,
        "Long": 107.6174784,
        "flag": "https://moe-edugis.maps.arcgis.com/sharing/rest/content/items/9af730d5a30146048a610fe288698e4f/data"
      },
      "geometry": {
        "type": "Point",
        "coordinates": [
          107.61747839999997,
          -6.814625700000031
        ]
      }
    },
    {
      "type": "Feature",
      "properties": {
        "FID_Place1": 4100,
        "osm_id": 319887585,
        "name": "Bogor",
        "type": "city",
        "population": 0,
        "FID_Asean": 9,
        "OBJECTID": 10,
        "Country": "Indonesia",
        "Lat": -6.5965388,
        "Long": 106.7974406,
        "flag": "https://moe-edugis.maps.arcgis.com/sharing/rest/content/items/9af730d5a30146048a610fe288698e4f/data"
      },
      "geometry": {
        "type": "Point",
        "coordinates": [
          106.79744059999999,
          -6.596538800000028
        ]
      }
    },
    {
      "type": "Feature",
      "properties": {
        "FID_Place1": 3360,
        "osm_id": 307904188,
        "name": "Pamanukan",
        "type": "city",
        "population": 0,
        "FID_Asean": 9,
        "OBJECTID": 10,
        "Country": "Indonesia",
        "Lat": -6.2844924,
        "Long": 107.8280871,
        "flag": "https://moe-edugis.maps.arcgis.com/sharing/rest/content/items/9af730d5a30146048a610fe288698e4f/data"
      },
      "geometry": {
        "type": "Point",
        "coordinates": [
          107.8280871,
          -6.284492400000007
        ]
      }
    },
    {
      "type": "Feature",
      "properties": {
        "FID_Place1": 37,
        "osm_id": 29939632,
        "name": "Jakarta",
        "type": "city",
        "population": 12000000,
        "FID_Asean": 9,
        "OBJECTID": 10,
        "Country": "Indonesia",
        "Lat": -6.1809213,
        "Long": 106.8284667,
        "flag": "https://moe-edugis.maps.arcgis.com/sharing/rest/content/items/9af730d5a30146048a610fe288698e4f/data"
      },
      "geometry": {
        "type": "Point",
        "coordinates": [
          106.82846669999999,
          -6.180921299999996
        ]
      }
    },
    {
      "type": "Feature",
      "properties": {
        "FID_Place1": 3238,
        "osm_id": 297406682,
        "name": "Makassar",
        "type": "city",
        "population": 1130384,
        "FID_Asean": 9,
        "OBJECTID": 10,
        "Country": "Indonesia",
        "Lat": -5.1345692,
        "Long": 119.4123912,
        "flag": "https://moe-edugis.maps.arcgis.com/sharing/rest/content/items/9af730d5a30146048a610fe288698e4f/data"
      },
      "geometry": {
        "type": "Point",
        "coordinates": [
          119.41239119999999,
          -5.13456919999998
        ]
      }
    },
    {
      "type": "Feature",
      "properties": {
        "FID_Place1": 3215,
        "osm_id": 293644383,
        "name": "Ambon",
        "type": "city",
        "population": 275888,
        "FID_Asean": 9,
        "OBJECTID": 10,
        "Country": "Indonesia",
        "Lat": -3.6966383,
        "Long": 128.1786385,
        "flag": "https://moe-edugis.maps.arcgis.com/sharing/rest/content/items/9af730d5a30146048a610fe288698e4f/data"
      },
      "geometry": {
        "type": "Point",
        "coordinates": [
          128.17863849999998,
          -3.696638300000007
        ]
      }
    },
    {
      "type": "Feature",
      "properties": {
        "FID_Place1": 4134,
        "osm_id": 339259066,
        "name": "Palembang",
        "type": "city",
        "population": 0,
        "FID_Asean": 9,
        "OBJECTID": 10,
        "Country": "Indonesia",
        "Lat": -2.9898286,
        "Long": 104.7594632,
        "flag": "https://moe-edugis.maps.arcgis.com/sharing/rest/content/items/9af730d5a30146048a610fe288698e4f/data"
      },
      "geometry": {
        "type": "Point",
        "coordinates": [
          104.75946319999996,
          -2.9898285999999743
        ]
      }
    },
    {
      "type": "Feature",
      "properties": {
        "FID_Place1": 3250,
        "osm_id": 299630323,
        "name": "Jayapura",
        "type": "city",
        "population": 0,
        "FID_Asean": 9,
        "OBJECTID": 10,
        "Country": "Indonesia",
        "Lat": -2.5420383,
        "Long": 140.7036221,
        "flag": "https://moe-edugis.maps.arcgis.com/sharing/rest/content/items/9af730d5a30146048a610fe288698e4f/data"
      },
      "geometry": {
        "type": "Point",
        "coordinates": [
          140.7036221,
          -2.5420383000000015
        ]
      }
    },
    {
      "type": "Feature",
      "properties": {
        "FID_Place1": 4093,
        "osm_id": 317887876,
        "name": "Padang",
        "type": "city",
        "population": 0,
        "FID_Asean": 9,
        "OBJECTID": 10,
        "Country": "Indonesia",
        "Lat": -0.9522437,
        "Long": 100.362617,
        "flag": "https://moe-edugis.maps.arcgis.com/sharing/rest/content/items/9af730d5a30146048a610fe288698e4f/data"
      },
      "geometry": {
        "type": "Point",
        "coordinates": [
          100.362617,
          -0.9522437000000075
        ]
      }
    },
    {
      "type": "Feature",
      "properties": {
        "FID_Place1": 3227,
        "osm_id": 296110116,
        "name": "Palu",
        "type": "city",
        "population": 270000,
        "FID_Asean": 9,
        "OBJECTID": 10,
        "Country": "Indonesia",
        "Lat": -0.8957793,
        "Long": 119.8679974,
        "flag": "https://moe-edugis.maps.arcgis.com/sharing/rest/content/items/9af730d5a30146048a610fe288698e4f/data"
      },
      "geometry": {
        "type": "Point",
        "coordinates": [
          119.86799739999996,
          -0.8957793000000294
        ]
      }
    },
    {
      "type": "Feature",
      "properties": {
        "FID_Place1": 4130,
        "osm_id": 336641647,
        "name": "Pekanbaru",
        "type": "city",
        "population": 0,
        "FID_Asean": 9,
        "OBJECTID": 10,
        "Country": "Indonesia",
        "Lat": 0.5380782999999809,
        "Long": 101.4461402,
        "flag": "https://moe-edugis.maps.arcgis.com/sharing/rest/content/items/9af730d5a30146048a610fe288698e4f/data"
      },
      "geometry": {
        "type": "Point",
        "coordinates": [
          101.44614019999999,
          0.5380782999999809
        ]
      }
    },
    {
      "type": "Feature",
      "properties": {
        "FID_Place1": 45,
        "osm_id": 31737795,
        "name": "Singapore",
        "type": "country",
        "population": 4839400,
        "FID_Asean": 0,
        "OBJECTID": 1,
        "Country": "Singapore",
        "Lat": 1.3571682999999588,
        "Long": 103.8195384,
        "flag": "https://moe-edugis.maps.arcgis.com/sharing/rest/content/items/34a78245cd504389b4637181afaee1ac/data"
      },
      "geometry": {
        "type": "Point",
        "coordinates": [
          103.81953840000003,
          1.3571682999999588
        ]
      }
    },
    {
      "type": "Feature",
      "properties": {
        "FID_Place1": 2957,
        "osm_id": 254237831,
        "name": "Johor Bahru",
        "type": "city",
        "population": 0,
        "FID_Asean": 5,
        "OBJECTID": 6,
        "Country": "Malaysia",
        "Lat": 1.4953041000000198,
        "Long": 103.7550839,
        "flag": "https://moe-edugis.maps.arcgis.com/sharing/rest/content/items/648a0c0af17743609565c8a95f25f79d/data"
      },
      "geometry": {
        "type": "Point",
        "coordinates": [
          103.75508390000002,
          1.4953041000000198
        ]
      }
    },
    {
      "type": "Feature",
      "properties": {
        "FID_Place1": 258,
        "osm_id": 168605324,
        "name": "Muar",
        "type": "county",
        "population": 0,
        "FID_Asean": 5,
        "OBJECTID": 6,
        "Country": "Malaysia",
        "Lat": 2.054081100000019,
        "Long": 102.5770103,
        "flag": "https://moe-edugis.maps.arcgis.com/sharing/rest/content/items/648a0c0af17743609565c8a95f25f79d/data"
      },
      "geometry": {
        "type": "Point",
        "coordinates": [
          102.57701029999997,
          2.054081100000019
        ]
      }
    },
    {
      "type": "Feature",
      "properties": {
        "FID_Place1": 4101,
        "osm_id": 321322622,
        "name": "Bandar Melaka",
        "type": "city",
        "population": 455300,
        "FID_Asean": 5,
        "OBJECTID": 6,
        "Country": "Malaysia",
        "Lat": 2.1908177999999587,
        "Long": 102.255926,
        "flag": "https://moe-edugis.maps.arcgis.com/sharing/rest/content/items/648a0c0af17743609565c8a95f25f79d/data"
      },
      "geometry": {
        "type": "Point",
        "coordinates": [
          102.255926,
          2.1908177999999587
        ]
      }
    },
    {
      "type": "Feature",
      "properties": {
        "FID_Place1": 4137,
        "osm_id": 340454800,
        "name": "Ledang",
        "type": "county",
        "population": 0,
        "FID_Asean": 5,
        "OBJECTID": 6,
        "Country": "Malaysia",
        "Lat": 2.2326525999999767,
        "Long": 102.5228621,
        "flag": "https://moe-edugis.maps.arcgis.com/sharing/rest/content/items/648a0c0af17743609565c8a95f25f79d/data"
      },
      "geometry": {
        "type": "Point",
        "coordinates": [
          102.52286209999997,
          2.2326525999999767
        ]
      }
    },
    {
      "type": "Feature",
      "properties": {
        "FID_Place1": 32,
        "osm_id": 28918044,
        "name": "Kuala Lumpur",
        "type": "city",
        "population": 0,
        "FID_Asean": 5,
        "OBJECTID": 6,
        "Country": "Malaysia",
        "Lat": 3.1575749000000073,
        "Long": 101.7007827,
        "flag": "https://moe-edugis.maps.arcgis.com/sharing/rest/content/items/648a0c0af17743609565c8a95f25f79d/data"
      },
      "geometry": {
        "type": "Point",
        "coordinates": [
          101.7007827,
          3.1575749000000073
        ]
      }
    },
    {
      "type": "Feature",
      "properties": {
        "FID_Place1": 4138,
        "osm_id": 342092420,
        "name": "Tebing Tinggi",
        "type": "city",
        "population": 0,
        "FID_Asean": 9,
        "OBJECTID": 10,
        "Country": "Indonesia",
        "Lat": 3.3273694000000162,
        "Long": 99.1622994,
        "flag": "https://moe-edugis.maps.arcgis.com/sharing/rest/content/items/9af730d5a30146048a610fe288698e4f/data"
      },
      "geometry": {
        "type": "Point",
        "coordinates": [
          99.16229939999997,
          3.3273694000000162
        ]
      }
    },
    {
      "type": "Feature",
      "properties": {
        "FID_Place1": 3094,
        "osm_id": 267554214,
        "name": "Medan",
        "type": "city",
        "population": 0,
        "FID_Asean": 9,
        "OBJECTID": 10,
        "Country": "Indonesia",
        "Lat": 3.5899741999999932,
        "Long": 98.673867,
        "flag": "https://moe-edugis.maps.arcgis.com/sharing/rest/content/items/9af730d5a30146048a610fe288698e4f/data"
      },
      "geometry": {
        "type": "Point",
        "coordinates": [
          98.67386699999999,
          3.5899741999999932
        ]
      }
    },
    {
      "type": "Feature",
      "properties": {
        "FID_Place1": 2886,
        "osm_id": 249399293,
        "name": "Brunei Darussalam",
        "type": "country",
        "population": 0,
        "FID_Asean": 1,
        "OBJECTID": 2,
        "Country": "Brunei Darussalam",
        "Lat": 4.416136199999979,
        "Long": 114.564173,
        "flag": "https://moe-edugis.maps.arcgis.com/sharing/rest/content/items/4aada6ef8f17415eac88504170e961c4/data"
      },
      "geometry": {
        "type": "Point",
        "coordinates": [
          114.564173,
          4.416136199999979
        ]
      }
    },
    {
      "type": "Feature",
      "properties": {
        "FID_Place1": 2908,
        "osm_id": 249399394,
        "name": "Malaysia",
        "type": "country",
        "population": 0,
        "FID_Asean": 5,
        "OBJECTID": 6,
        "Country": "Malaysia",
        "Lat": 4.569347600000043,
        "Long": 102.2657003,
        "flag": "https://moe-edugis.maps.arcgis.com/sharing/rest/content/items/648a0c0af17743609565c8a95f25f79d/data"
      },
      "geometry": {
        "type": "Point",
        "coordinates": [
          102.26570030000005,
          4.569347600000043
        ]
      }
    },
    {
      "type": "Feature",
      "properties": {
        "FID_Place1": 3218,
        "osm_id": 294039311,
        "name": "Ipoh",
        "type": "city",
        "population": 0,
        "FID_Asean": 5,
        "OBJECTID": 6,
        "Country": "Malaysia",
        "Lat": 4.591000000000026,
        "Long": 101.082785,
        "flag": "https://moe-edugis.maps.arcgis.com/sharing/rest/content/items/648a0c0af17743609565c8a95f25f79d/data"
      },
      "geometry": {
        "type": "Point",
        "coordinates": [
          101.08278499999997,
          4.591000000000026
        ]
      }
    },
    {
      "type": "Feature",
      "properties": {
        "FID_Place1": 4324,
        "osm_id": 369490763,
        "name": "Bandar Seri Begawan",
        "type": "city",
        "population": 0,
        "FID_Asean": 1,
        "OBJECTID": 2,
        "Country": "Brunei Darussalam",
        "Lat": 4.902477300000033,
        "Long": 114.9530013,
        "flag": "https://moe-edugis.maps.arcgis.com/sharing/rest/content/items/4aada6ef8f17415eac88504170e961c4/data"
      },
      "geometry": {
        "type": "Point",
        "coordinates": [
          114.95300130000003,
          4.902477300000033
        ]
      }
    },
    {
      "type": "Feature",
      "properties": {
        "FID_Place1": 3095,
        "osm_id": 267556063,
        "name": "Banda Aceh",
        "type": "city",
        "population": 0,
        "FID_Asean": 9,
        "OBJECTID": 10,
        "Country": "Indonesia",
        "Lat": 5.555407500000001,
        "Long": 95.314609,
        "flag": "https://moe-edugis.maps.arcgis.com/sharing/rest/content/items/9af730d5a30146048a610fe288698e4f/data"
      },
      "geometry": {
        "type": "Point",
        "coordinates": [
          95.31460900000002,
          5.555407500000001
        ]
      }
    },
    {
      "type": "Feature",
      "properties": {
        "FID_Place1": 4126,
        "osm_id": 333460805,
        "name": "General Santos City",
        "type": "city",
        "population": 0,
        "FID_Asean": 4,
        "OBJECTID": 5,
        "Country": "Philippines",
        "Lat": 6.112546600000016,
        "Long": 125.1726899,
        "flag": "https://moe-edugis.maps.arcgis.com/sharing/rest/content/items/43e52d2c748540338f7accdd5e18dc5d/data"
      },
      "geometry": {
        "type": "Point",
        "coordinates": [
          125.1726899,
          6.112546600000016
        ]
      }
    },
    {
      "type": "Feature",
      "properties": {
        "FID_Place1": 357,
        "osm_id": 207539450,
        "name": "Kota Bahru",
        "type": "city",
        "population": 0,
        "FID_Asean": 5,
        "OBJECTID": 6,
        "Country": "Malaysia",
        "Lat": 6.117816000000001,
        "Long": 102.2395824,
        "flag": "https://moe-edugis.maps.arcgis.com/sharing/rest/content/items/648a0c0af17743609565c8a95f25f79d/data"
      },
      "geometry": {
        "type": "Point",
        "coordinates": [
          102.23958239999997,
          6.117816000000001
        ]
      }
    },
    {
      "type": "Feature",
      "properties": {
        "FID_Place1": 3221,
        "osm_id": 295037382,
        "name": "Alor Star",
        "type": "city",
        "population": 0,
        "FID_Asean": 5,
        "OBJECTID": 6,
        "Country": "Malaysia",
        "Lat": 6.1231909000000115,
        "Long": 100.3683962,
        "flag": "https://moe-edugis.maps.arcgis.com/sharing/rest/content/items/648a0c0af17743609565c8a95f25f79d/data"
      },
      "geometry": {
        "type": "Point",
        "coordinates": [
          100.36839619999998,
          6.1231909000000115
        ]
      }
    },
    {
      "type": "Feature",
      "properties": {
        "FID_Place1": 4337,
        "osm_id": 372812084,
        "name": "ยะลา",
        "type": "city",
        "population": 0,
        "FID_Asean": 7,
        "OBJECTID": 8,
        "Country": "Thailand",
        "Lat": 6.548216299999968,
        "Long": 101.2894948,
        "flag": "https://moe-edugis.maps.arcgis.com/sharing/rest/content/items/d34f600b9bbd49bbad1d7b25df7a976e/data"
      },
      "geometry": {
        "type": "Point",
        "coordinates": [
          101.2894948,
          6.548216299999968
        ]
      }
    },
    {
      "type": "Feature",
      "properties": {
        "FID_Place1": 345,
        "osm_id": 198497618,
        "name": "Digos City",
        "type": "city",
        "population": 0,
        "FID_Asean": 4,
        "OBJECTID": 5,
        "Country": "Philippines",
        "Lat": 6.7476350999999966,
        "Long": 125.3577449,
        "flag": "https://moe-edugis.maps.arcgis.com/sharing/rest/content/items/43e52d2c748540338f7accdd5e18dc5d/data"
      },
      "geometry": {
        "type": "Point",
        "coordinates": [
          125.35774490000003,
          6.7476350999999966
        ]
      }
    },
    {
      "type": "Feature",
      "properties": {
        "FID_Place1": 347,
        "osm_id": 198507159,
        "name": "Mati City",
        "type": "city",
        "population": 0,
        "FID_Asean": 4,
        "OBJECTID": 5,
        "Country": "Philippines",
        "Lat": 6.916671299999969,
        "Long": 126.1499965,
        "flag": "https://moe-edugis.maps.arcgis.com/sharing/rest/content/items/43e52d2c748540338f7accdd5e18dc5d/data"
      },
      "geometry": {
        "type": "Point",
        "coordinates": [
          126.14999650000001,
          6.916671299999969
        ]
      }
    },
    {
      "type": "Feature",
      "properties": {
        "FID_Place1": 3236,
        "osm_id": 297328621,
        "name": "หาดใหญ่",
        "type": "city",
        "population": 187920,
        "FID_Asean": 7,
        "OBJECTID": 8,
        "Country": "Thailand",
        "Lat": 7.005822400000042,
        "Long": 100.4692668,
        "flag": "https://moe-edugis.maps.arcgis.com/sharing/rest/content/items/d34f600b9bbd49bbad1d7b25df7a976e/data"
      },
      "geometry": {
        "type": "Point",
        "coordinates": [
          100.46926680000001,
          7.005822400000042
        ]
      }
    },
    {
      "type": "Feature",
      "properties": {
        "FID_Place1": 348,
        "osm_id": 198512957,
        "name": "Kidapawan City",
        "type": "city",
        "population": 0,
        "FID_Asean": 4,
        "OBJECTID": 5,
        "Country": "Philippines",
        "Lat": 7.01849960000002,
        "Long": 125.0912148,
        "flag": "https://moe-edugis.maps.arcgis.com/sharing/rest/content/items/43e52d2c748540338f7accdd5e18dc5d/data"
      },
      "geometry": {
        "type": "Point",
        "coordinates": [
          125.09121479999999,
          7.01849960000002
        ]
      }
    },
    {
      "type": "Feature",
      "properties": {
        "FID_Place1": 352,
        "osm_id": 198525392,
        "name": "Island Garden City of Samal",
        "type": "city",
        "population": 0,
        "FID_Asean": 4,
        "OBJECTID": 5,
        "Country": "Philippines",
        "Lat": 7.083338699999967,
        "Long": 125.7499998,
        "flag": "https://moe-edugis.maps.arcgis.com/sharing/rest/content/items/43e52d2c748540338f7accdd5e18dc5d/data"
      },
      "geometry": {
        "type": "Point",
        "coordinates": [
          125.74999979999997,
          7.083338699999967
        ]
      }
    },
    {
      "type": "Feature",
      "properties": {
        "FID_Place1": 4110,
        "osm_id": 325091453,
        "name": "Davao City",
        "type": "city",
        "population": 0,
        "FID_Asean": 4,
        "OBJECTID": 5,
        "Country": "Philippines",
        "Lat": 7.097298800000043,
        "Long": 125.599221,
        "flag": "https://moe-edugis.maps.arcgis.com/sharing/rest/content/items/43e52d2c748540338f7accdd5e18dc5d/data"
      },
      "geometry": {
        "type": "Point",
        "coordinates": [
          125.59922100000001,
          7.097298800000043
        ]
      }
    },
    {
      "type": "Feature",
      "properties": {
        "FID_Place1": 3237,
        "osm_id": 297337782,
        "name": "สงขลา",
        "type": "city",
        "population": 75048,
        "FID_Asean": 7,
        "OBJECTID": 8,
        "Country": "Thailand",
        "Lat": 7.198481699999984,
        "Long": 100.5959529,
        "flag": "https://moe-edugis.maps.arcgis.com/sharing/rest/content/items/d34f600b9bbd49bbad1d7b25df7a976e/data"
      },
      "geometry": {
        "type": "Point",
        "coordinates": [
          100.59595289999997,
          7.198481699999984
        ]
      }
    },
    {
      "type": "Feature",
      "properties": {
        "FID_Place1": 2655,
        "osm_id": 244475001,
        "name": "Cotabato City",
        "type": "city",
        "population": 0,
        "FID_Asean": 4,
        "OBJECTID": 5,
        "Country": "Philippines",
        "Lat": 7.2101870000000154,
        "Long": 124.245051,
        "flag": "https://moe-edugis.maps.arcgis.com/sharing/rest/content/items/43e52d2c748540338f7accdd5e18dc5d/data"
      },
      "geometry": {
        "type": "Point",
        "coordinates": [
          124.24505099999999,
          7.2101870000000154
        ]
      }
    },
    {
      "type": "Feature",
      "properties": {
        "FID_Place1": 4330,
        "osm_id": 371274468,
        "name": "Panabo City",
        "type": "city",
        "population": 0,
        "FID_Asean": 4,
        "OBJECTID": 5,
        "Country": "Philippines",
        "Lat": 7.300476300000028,
        "Long": 125.6826484,
        "flag": "https://moe-edugis.maps.arcgis.com/sharing/rest/content/items/43e52d2c748540338f7accdd5e18dc5d/data"
      },
      "geometry": {
        "type": "Point",
        "coordinates": [
          125.68264839999999,
          7.300476300000028
        ]
      }
    },
    {
      "type": "Feature",
      "properties": {
        "FID_Place1": 4331,
        "osm_id": 371274506,
        "name": "Tagum City",
        "type": "city",
        "population": 0,
        "FID_Asean": 4,
        "OBJECTID": 5,
        "Country": "Philippines",
        "Lat": 7.446961900000041,
        "Long": 125.8211362,
        "flag": "https://moe-edugis.maps.arcgis.com/sharing/rest/content/items/43e52d2c748540338f7accdd5e18dc5d/data"
      },
      "geometry": {
        "type": "Point",
        "coordinates": [
          125.82113620000004,
          7.446961900000041
        ]
      }
    },
    {
      "type": "Feature",
      "properties": {
        "FID_Place1": 4338,
        "osm_id": 372812229,
        "name": "ตรัง",
        "type": "city",
        "population": 0,
        "FID_Asean": 7,
        "OBJECTID": 8,
        "Country": "Thailand",
        "Lat": 7.560733199999984,
        "Long": 99.6115016,
        "flag": "https://moe-edugis.maps.arcgis.com/sharing/rest/content/items/d34f600b9bbd49bbad1d7b25df7a976e/data"
      },
      "geometry": {
        "type": "Point",
        "coordinates": [
          99.61150159999997,
          7.560733199999984
        ]
      }
    },
    {
      "type": "Feature",
      "properties": {
        "FID_Place1": 2943,
        "osm_id": 252057835,
        "name": "ภูเก็ต",
        "type": "city",
        "population": 75573,
        "FID_Asean": 7,
        "OBJECTID": 8,
        "Country": "Thailand",
        "Lat": 7.888225099999971,
        "Long": 98.3914686,
        "flag": "https://moe-edugis.maps.arcgis.com/sharing/rest/content/items/d34f600b9bbd49bbad1d7b25df7a976e/data"
      },
      "geometry": {
        "type": "Point",
        "coordinates": [
          98.3914686,
          7.888225099999971
        ]
      }
    },
    {
      "type": "Feature",
      "properties": {
        "FID_Place1": 346,
        "osm_id": 198503889,
        "name": "Malaybalay",
        "type": "city",
        "population": 0,
        "FID_Asean": 4,
        "OBJECTID": 5,
        "Country": "Philippines",
        "Lat": 8.162777999999996,
        "Long": 125.177222,
        "flag": "https://moe-edugis.maps.arcgis.com/sharing/rest/content/items/43e52d2c748540338f7accdd5e18dc5d/data"
      },
      "geometry": {
        "type": "Point",
        "coordinates": [
          125.177222,
          8.162777999999996
        ]
      }
    },
    {
      "type": "Feature",
      "properties": {
        "FID_Place1": 4339,
        "osm_id": 372813341,
        "name": "นครศรีธรรมราช",
        "type": "city",
        "population": 0,
        "FID_Asean": 7,
        "OBJECTID": 8,
        "Country": "Thailand",
        "Lat": 8.431815300000004,
        "Long": 99.9639583,
        "flag": "https://moe-edugis.maps.arcgis.com/sharing/rest/content/items/d34f600b9bbd49bbad1d7b25df7a976e/data"
      },
      "geometry": {
        "type": "Point",
        "coordinates": [
          99.9639583,
          8.431815300000004
        ]
      }
    },
    {
      "type": "Feature",
      "properties": {
        "FID_Place1": 3196,
        "osm_id": 282310507,
        "name": "Cagayan De Oro",
        "type": "city",
        "population": 0,
        "FID_Asean": 4,
        "OBJECTID": 5,
        "Country": "Philippines",
        "Lat": 8.478952299999968,
        "Long": 124.6432368,
        "flag": "https://moe-edugis.maps.arcgis.com/sharing/rest/content/items/43e52d2c748540338f7accdd5e18dc5d/data"
      },
      "geometry": {
        "type": "Point",
        "coordinates": [
          124.64323680000003,
          8.478952299999968
        ]
      }
    },
    {
      "type": "Feature",
      "properties": {
        "FID_Place1": 4340,
        "osm_id": 372813885,
        "name": "สุราษฎร์ธานี",
        "type": "city",
        "population": 0,
        "FID_Asean": 7,
        "OBJECTID": 8,
        "Country": "Thailand",
        "Lat": 9.141564299999963,
        "Long": 99.329055,
        "flag": "https://moe-edugis.maps.arcgis.com/sharing/rest/content/items/d34f600b9bbd49bbad1d7b25df7a976e/data"
      },
      "geometry": {
        "type": "Point",
        "coordinates": [
          99.32905499999998,
          9.141564299999963
        ]
      }
    },
    {
      "type": "Feature",
      "properties": {
        "FID_Place1": 4274,
        "osm_id": 369486925,
        "name": "Cà Mau",
        "type": "city",
        "population": 0,
        "FID_Asean": 6,
        "OBJECTID": 7,
        "Country": "Vietnam",
        "Lat": 9.179000700000032,
        "Long": 105.1454824,
        "flag": "https://moe-edugis.maps.arcgis.com/sharing/rest/content/items/076922a49b8848019378d48e2f3099ad/data"
      },
      "geometry": {
        "type": "Point",
        "coordinates": [
          105.14548239999999,
          9.179000700000032
        ]
      }
    },
    {
      "type": "Feature",
      "properties": {
        "FID_Place1": 4280,
        "osm_id": 369486941,
        "name": "Bạc Liêu",
        "type": "city",
        "population": 0,
        "FID_Asean": 6,
        "OBJECTID": 7,
        "Country": "Vietnam",
        "Lat": 9.282488199999964,
        "Long": 105.7260685,
        "flag": "https://moe-edugis.maps.arcgis.com/sharing/rest/content/items/076922a49b8848019378d48e2f3099ad/data"
      },
      "geometry": {
        "type": "Point",
        "coordinates": [
          105.72606849999997,
          9.282488199999964
        ]
      }
    },
    {
      "type": "Feature",
      "properties": {
        "FID_Place1": 4318,
        "osm_id": 369487102,
        "name": "Sóc Trăng",
        "type": "city",
        "population": 0,
        "FID_Asean": 6,
        "OBJECTID": 7,
        "Country": "Vietnam",
        "Lat": 9.605706799999961,
        "Long": 105.9698748,
        "flag": "https://moe-edugis.maps.arcgis.com/sharing/rest/content/items/076922a49b8848019378d48e2f3099ad/data"
      },
      "geometry": {
        "type": "Point",
        "coordinates": [
          105.96987480000003,
          9.605706799999961
        ]
      }
    },
    {
      "type": "Feature",
      "properties": {
        "FID_Place1": 2925,
        "osm_id": 250652000,
        "name": "Tagbilaran",
        "type": "city",
        "population": 0,
        "FID_Asean": 4,
        "OBJECTID": 5,
        "Country": "Philippines",
        "Lat": 9.647574699999964,
        "Long": 123.8577769,
        "flag": "https://moe-edugis.maps.arcgis.com/sharing/rest/content/items/43e52d2c748540338f7accdd5e18dc5d/data"
      },
      "geometry": {
        "type": "Point",
        "coordinates": [
          123.85777690000005,
          9.647574699999964
        ]
      }
    },
    {
      "type": "Feature",
      "properties": {
        "FID_Place1": 4290,
        "osm_id": 369487024,
        "name": "Vị Thanh",
        "type": "city",
        "population": 0,
        "FID_Asean": 6,
        "OBJECTID": 7,
        "Country": "Vietnam",
        "Lat": 9.78044979999996,
        "Long": 105.4718348,
        "flag": "https://moe-edugis.maps.arcgis.com/sharing/rest/content/items/076922a49b8848019378d48e2f3099ad/data"
      },
      "geometry": {
        "type": "Point",
        "coordinates": [
          105.47183480000002,
          9.78044979999996
        ]
      }
    },
    {
      "type": "Feature",
      "properties": {
        "FID_Place1": 4099,
        "osm_id": 319858811,
        "name": "Surigao City",
        "type": "city",
        "population": 0,
        "FID_Asean": 4,
        "OBJECTID": 5,
        "Country": "Philippines",
        "Lat": 9.786345399999977,
        "Long": 125.4857962,
        "flag": "https://moe-edugis.maps.arcgis.com/sharing/rest/content/items/43e52d2c748540338f7accdd5e18dc5d/data"
      },
      "geometry": {
        "type": "Point",
        "coordinates": [
          125.48579619999997,
          9.786345399999977
        ]
      }
    },
    {
      "type": "Feature",
      "properties": {
        "FID_Place1": 4271,
        "osm_id": 369486916,
        "name": "Trà Vinh",
        "type": "city",
        "population": 0,
        "FID_Asean": 6,
        "OBJECTID": 7,
        "Country": "Vietnam",
        "Lat": 9.939827100000024,
        "Long": 106.3335128,
        "flag": "https://moe-edugis.maps.arcgis.com/sharing/rest/content/items/076922a49b8848019378d48e2f3099ad/data"
      },
      "geometry": {
        "type": "Point",
        "coordinates": [
          106.3335128,
          9.939827100000024
        ]
      }
    },
    {
      "type": "Feature",
      "properties": {
        "FID_Place1": 3257,
        "osm_id": 301181330,
        "name": "ระนอง",
        "type": "city",
        "population": 0,
        "FID_Asean": 7,
        "OBJECTID": 8,
        "Country": "Thailand",
        "Lat": 9.960072899999975,
        "Long": 98.6238919,
        "flag": "https://moe-edugis.maps.arcgis.com/sharing/rest/content/items/d34f600b9bbd49bbad1d7b25df7a976e/data"
      },
      "geometry": {
        "type": "Point",
        "coordinates": [
          98.62389190000003,
          9.960072899999975
        ]
      }
    },
    {
      "type": "Feature",
      "properties": {
        "FID_Place1": 4295,
        "osm_id": 369487039,
        "name": "Rạch Giá",
        "type": "city",
        "population": 0,
        "FID_Asean": 6,
        "OBJECTID": 7,
        "Country": "Vietnam",
        "Lat": 10.0190027,
        "Long": 105.0822248,
        "flag": "https://moe-edugis.maps.arcgis.com/sharing/rest/content/items/076922a49b8848019378d48e2f3099ad/data"
      },
      "geometry": {
        "type": "Point",
        "coordinates": [
          105.08222479999998,
          10.019002700000016
        ]
      }
    },
    {
      "type": "Feature",
      "properties": {
        "FID_Place1": 197,
        "osm_id": 88969536,
        "name": "Cần Thơ",
        "type": "city",
        "population": 0,
        "FID_Asean": 6,
        "OBJECTID": 7,
        "Country": "Vietnam",
        "Lat": 10.0329735,
        "Long": 105.780493,
        "flag": "https://moe-edugis.maps.arcgis.com/sharing/rest/content/items/076922a49b8848019378d48e2f3099ad/data"
      },
      "geometry": {
        "type": "Point",
        "coordinates": [
          105.780493,
          10.0329735
        ]
      }
    },
    {
      "type": "Feature",
      "properties": {
        "FID_Place1": 4306,
        "osm_id": 369487070,
        "name": "Cần Thơ",
        "type": "city",
        "population": 0,
        "FID_Asean": 6,
        "OBJECTID": 7,
        "Country": "Vietnam",
        "Lat": 10.0366986,
        "Long": 105.7816861,
        "flag": "https://moe-edugis.maps.arcgis.com/sharing/rest/content/items/076922a49b8848019378d48e2f3099ad/data"
      },
      "geometry": {
        "type": "Point",
        "coordinates": [
          105.78168609999996,
          10.036698600000019
        ]
      }
    },
    {
      "type": "Feature",
      "properties": {
        "FID_Place1": 4300,
        "osm_id": 369487050,
        "name": "Bến Tre",
        "type": "city",
        "population": 0,
        "FID_Asean": 6,
        "OBJECTID": 7,
        "Country": "Vietnam",
        "Lat": 10.2448131,
        "Long": 106.3734909,
        "flag": "https://moe-edugis.maps.arcgis.com/sharing/rest/content/items/076922a49b8848019378d48e2f3099ad/data"
      },
      "geometry": {
        "type": "Point",
        "coordinates": [
          106.37349090000004,
          10.24481310000002
        ]
      }
    },
    {
      "type": "Feature",
      "properties": {
        "FID_Place1": 4308,
        "osm_id": 369487074,
        "name": "Vĩnh Long",
        "type": "city",
        "population": 0,
        "FID_Asean": 6,
        "OBJECTID": 7,
        "Country": "Vietnam",
        "Lat": 10.2502718,
        "Long": 105.9745379,
        "flag": "https://moe-edugis.maps.arcgis.com/sharing/rest/content/items/076922a49b8848019378d48e2f3099ad/data"
      },
      "geometry": {
        "type": "Point",
        "coordinates": [
          105.97453790000003,
          10.250271800000036
        ]
      }
    },
    {
      "type": "Feature",
      "properties": {
        "FID_Place1": 3022,
        "osm_id": 259009337,
        "name": "Cebu City",
        "type": "city",
        "population": 0,
        "FID_Asean": 4,
        "OBJECTID": 5,
        "Country": "Philippines",
        "Lat": 10.3096729,
        "Long": 123.8944016,
        "flag": "https://moe-edugis.maps.arcgis.com/sharing/rest/content/items/43e52d2c748540338f7accdd5e18dc5d/data"
      },
      "geometry": {
        "type": "Point",
        "coordinates": [
          123.89440160000001,
          10.309672899999992
        ]
      }
    },
    {
      "type": "Feature",
      "properties": {
        "FID_Place1": 4311,
        "osm_id": 369487081,
        "name": "Mỹ Tho",
        "type": "city",
        "population": 0,
        "FID_Asean": 6,
        "OBJECTID": 7,
        "Country": "Vietnam",
        "Lat": 10.3595352,
        "Long": 106.36732,
        "flag": "https://moe-edugis.maps.arcgis.com/sharing/rest/content/items/076922a49b8848019378d48e2f3099ad/data"
      },
      "geometry": {
        "type": "Point",
        "coordinates": [
          106.36731999999998,
          10.359535200000028
        ]
      }
    },
    {
      "type": "Feature",
      "properties": {
        "FID_Place1": 4281,
        "osm_id": 369486944,
        "name": "Long Xuyên",
        "type": "city",
        "population": 0,
        "FID_Asean": 6,
        "OBJECTID": 7,
        "Country": "Vietnam",
        "Lat": 10.382155,
        "Long": 105.4355656,
        "flag": "https://moe-edugis.maps.arcgis.com/sharing/rest/content/items/076922a49b8848019378d48e2f3099ad/data"
      },
      "geometry": {
        "type": "Point",
        "coordinates": [
          105.43556559999999,
          10.38215500000003
        ]
      }
    },
    {
      "type": "Feature",
      "properties": {
        "FID_Place1": 4269,
        "osm_id": 369486911,
        "name": "Cao Lãnh",
        "type": "city",
        "population": 0,
        "FID_Asean": 6,
        "OBJECTID": 7,
        "Country": "Vietnam",
        "Lat": 10.4607973,
        "Long": 105.6392663,
        "flag": "https://moe-edugis.maps.arcgis.com/sharing/rest/content/items/076922a49b8848019378d48e2f3099ad/data"
      },
      "geometry": {
        "type": "Point",
        "coordinates": [
          105.6392663,
          10.460797300000038
        ]
      }
    },
    {
      "type": "Feature",
      "properties": {
        "FID_Place1": 4366,
        "osm_id": 391179918,
        "name": "Bago City",
        "type": "city",
        "population": 0,
        "FID_Asean": 4,
        "OBJECTID": 5,
        "Country": "Philippines",
        "Lat": 10.5375659,
        "Long": 122.8357442,
        "flag": "https://moe-edugis.maps.arcgis.com/sharing/rest/content/items/43e52d2c748540338f7accdd5e18dc5d/data"
      },
      "geometry": {
        "type": "Point",
        "coordinates": [
          122.83574419999997,
          10.537565900000004
        ]
      }
    },
    {
      "type": "Feature",
      "properties": {
        "FID_Place1": 4319,
        "osm_id": 369487105,
        "name": "Tân An",
        "type": "city",
        "population": 0,
        "FID_Asean": 6,
        "OBJECTID": 7,
        "Country": "Vietnam",
        "Lat": 10.5435086,
        "Long": 106.4058923,
        "flag": "https://moe-edugis.maps.arcgis.com/sharing/rest/content/items/076922a49b8848019378d48e2f3099ad/data"
      },
      "geometry": {
        "type": "Point",
        "coordinates": [
          106.40589229999998,
          10.54350860000001
        ]
      }
    },
    {
      "type": "Feature",
      "properties": {
        "FID_Place1": 3005,
        "osm_id": 257885151,
        "name": "កំពត",
        "type": "city",
        "population": 0,
        "FID_Asean": 2,
        "OBJECTID": 3,
        "Country": "Cambodia",
        "Lat": 10.6105943,
        "Long": 104.1795091,
        "flag": "https://moe-edugis.maps.arcgis.com/sharing/rest/content/items/6fb0443f6151420eb8c12c78fecfffec/data"
      },
      "geometry": {
        "type": "Point",
        "coordinates": [
          104.17950910000005,
          10.610594300000038
        ]
      }
    },
    {
      "type": "Feature",
      "properties": {
        "FID_Place1": 3023,
        "osm_id": 259119234,
        "name": "Sihanoukville",
        "type": "city",
        "population": 0,
        "FID_Asean": 2,
        "OBJECTID": 3,
        "Country": "Cambodia",
        "Lat": 10.6227936,
        "Long": 103.5228306,
        "flag": "https://moe-edugis.maps.arcgis.com/sharing/rest/content/items/6fb0443f6151420eb8c12c78fecfffec/data"
      },
      "geometry": {
        "type": "Point",
        "coordinates": [
          103.5228306,
          10.622793599999994
        ]
      }
    },
    {
      "type": "Feature",
      "properties": {
        "FID_Place1": 4127,
        "osm_id": 333551664,
        "name": "Bacolod City",
        "type": "city",
        "population": 0,
        "FID_Asean": 4,
        "OBJECTID": 5,
        "Country": "Philippines",
        "Lat": 10.6881268,
        "Long": 122.964122,
        "flag": "https://moe-edugis.maps.arcgis.com/sharing/rest/content/items/43e52d2c748540338f7accdd5e18dc5d/data"
      },
      "geometry": {
        "type": "Point",
        "coordinates": [
          122.964122,
          10.68812679999997
        ]
      }
    },
    {
      "type": "Feature",
      "properties": {
        "FID_Place1": 3170,
        "osm_id": 279220967,
        "name": "Iloilo City",
        "type": "city",
        "population": 0,
        "FID_Asean": 4,
        "OBJECTID": 5,
        "Country": "Philippines",
        "Lat": 10.7120627,
        "Long": 122.5594746,
        "flag": "https://moe-edugis.maps.arcgis.com/sharing/rest/content/items/43e52d2c748540338f7accdd5e18dc5d/data"
      },
      "geometry": {
        "type": "Point",
        "coordinates": [
          122.55947460000002,
          10.712062699999976
        ]
      }
    },
    {
      "type": "Feature",
      "properties": {
        "FID_Place1": 4265,
        "osm_id": 369486734,
        "name": "Thành phố Hồ Chí Minh",
        "type": "city",
        "population": 0,
        "FID_Asean": 6,
        "OBJECTID": 7,
        "Country": "Vietnam",
        "Lat": 10.7827374,
        "Long": 106.6948573,
        "flag": "https://moe-edugis.maps.arcgis.com/sharing/rest/content/items/076922a49b8848019378d48e2f3099ad/data"
      },
      "geometry": {
        "type": "Point",
        "coordinates": [
          106.6948573,
          10.782737400000038
        ]
      }
    },
    {
      "type": "Feature",
      "properties": {
        "FID_Place1": 4310,
        "osm_id": 369487079,
        "name": "Phan Thiết",
        "type": "city",
        "population": 0,
        "FID_Asean": 6,
        "OBJECTID": 7,
        "Country": "Vietnam",
        "Lat": 10.9308793,
        "Long": 108.094485,
        "flag": "https://moe-edugis.maps.arcgis.com/sharing/rest/content/items/076922a49b8848019378d48e2f3099ad/data"
      },
      "geometry": {
        "type": "Point",
        "coordinates": [
          108.09448500000003,
          10.930879300000043
        ]
      }
    },
    {
      "type": "Feature",
      "properties": {
        "FID_Place1": 4289,
        "osm_id": 369487019,
        "name": "Biên Hòa",
        "type": "city",
        "population": 0,
        "FID_Asean": 6,
        "OBJECTID": 7,
        "Country": "Vietnam",
        "Lat": 10.9587059,
        "Long": 106.8126559,
        "flag": "https://moe-edugis.maps.arcgis.com/sharing/rest/content/items/076922a49b8848019378d48e2f3099ad/data"
      },
      "geometry": {
        "type": "Point",
        "coordinates": [
          106.81265590000001,
          10.958705900000005
        ]
      }
    },
    {
      "type": "Feature",
      "properties": {
        "FID_Place1": 4111,
        "osm_id": 328850126,
        "name": "ក្រុងតាកែវ",
        "type": "city",
        "population": 0,
        "FID_Asean": 2,
        "OBJECTID": 3,
        "Country": "Cambodia",
        "Lat": 10.9810165,
        "Long": 104.7798776,
        "flag": "https://moe-edugis.maps.arcgis.com/sharing/rest/content/items/6fb0443f6151420eb8c12c78fecfffec/data"
      },
      "geometry": {
        "type": "Point",
        "coordinates": [
          104.7798776,
          10.981016500000003
        ]
      }
    },
    {
      "type": "Feature",
      "properties": {
        "FID_Place1": 4299,
        "osm_id": 369487048,
        "name": "Thủ Dầu Một",
        "type": "city",
        "population": 0,
        "FID_Asean": 6,
        "OBJECTID": 7,
        "Country": "Vietnam",
        "Lat": 10.9916564,
        "Long": 106.6517885,
        "flag": "https://moe-edugis.maps.arcgis.com/sharing/rest/content/items/076922a49b8848019378d48e2f3099ad/data"
      },
      "geometry": {
        "type": "Point",
        "coordinates": [
          106.65178850000002,
          10.99165639999999
        ]
      }
    },
    {
      "type": "Feature",
      "properties": {
        "FID_Place1": 3169,
        "osm_id": 279167983,
        "name": "Ormoc",
        "type": "city",
        "population": 0,
        "FID_Asean": 4,
        "OBJECTID": 5,
        "Country": "Philippines",
        "Lat": 11.0044547,
        "Long": 124.6075064,
        "flag": "https://moe-edugis.maps.arcgis.com/sharing/rest/content/items/43e52d2c748540338f7accdd5e18dc5d/data"
      },
      "geometry": {
        "type": "Point",
        "coordinates": [
          124.60750639999999,
          11.00445470000004
        ]
      }
    },
    {
      "type": "Feature",
      "properties": {
        "FID_Place1": 4307,
        "osm_id": 369487072,
        "name": "Tây Ninh",
        "type": "city",
        "population": 0,
        "FID_Asean": 6,
        "OBJECTID": 7,
        "Country": "Vietnam",
        "Lat": 11.313779,
        "Long": 106.0846661,
        "flag": "https://moe-edugis.maps.arcgis.com/sharing/rest/content/items/076922a49b8848019378d48e2f3099ad/data"
      },
      "geometry": {
        "type": "Point",
        "coordinates": [
          106.08466609999999,
          11.313778999999982
        ]
      }
    },
    {
      "type": "Feature",
      "properties": {
        "FID_Place1": 4304,
        "osm_id": 369487065,
        "name": "Đồng Xoài",
        "type": "city",
        "population": 0,
        "FID_Asean": 6,
        "OBJECTID": 7,
        "Country": "Vietnam",
        "Lat": 11.5389583,
        "Long": 106.9047378,
        "flag": "https://moe-edugis.maps.arcgis.com/sharing/rest/content/items/076922a49b8848019378d48e2f3099ad/data"
      },
      "geometry": {
        "type": "Point",
        "coordinates": [
          106.9047378,
          11.538958299999997
        ]
      }
    },
    {
      "type": "Feature",
      "properties": {
        "FID_Place1": 4277,
        "osm_id": 369486933,
        "name": "Phan Rang - Tháp Chàm",
        "type": "city",
        "population": 0,
        "FID_Asean": 6,
        "OBJECTID": 7,
        "Country": "Vietnam",
        "Lat": 11.5769829,
        "Long": 108.9865391,
        "flag": "https://moe-edugis.maps.arcgis.com/sharing/rest/content/items/076922a49b8848019378d48e2f3099ad/data"
      },
      "geometry": {
        "type": "Point",
        "coordinates": [
          108.98653909999996,
          11.576982899999969
        ]
      }
    },
    {
      "type": "Feature",
      "properties": {
        "FID_Place1": 3006,
        "osm_id": 257901805,
        "name": "កោះកុង",
        "type": "city",
        "population": 0,
        "FID_Asean": 2,
        "OBJECTID": 3,
        "Country": "Cambodia",
        "Lat": 11.6289336,
        "Long": 102.9472533,
        "flag": "https://moe-edugis.maps.arcgis.com/sharing/rest/content/items/6fb0443f6151420eb8c12c78fecfffec/data"
      },
      "geometry": {
        "type": "Point",
        "coordinates": [
          102.94725330000003,
          11.62893359999996
        ]
      }
    },
    {
      "type": "Feature",
      "properties": {
        "FID_Place1": 4267,
        "osm_id": 369486906,
        "name": "Đà Lạt",
        "type": "city",
        "population": 0,
        "FID_Asean": 6,
        "OBJECTID": 7,
        "Country": "Vietnam",
        "Lat": 11.9450994,
        "Long": 108.4311192,
        "flag": "https://moe-edugis.maps.arcgis.com/sharing/rest/content/items/076922a49b8848019378d48e2f3099ad/data"
      },
      "geometry": {
        "type": "Point",
        "coordinates": [
          108.4311192,
          11.945099400000032
        ]
      }
    },
    {
      "type": "Feature",
      "properties": {
        "FID_Place1": 4323,
        "osm_id": 369487118,
        "name": "Gia Nghĩa",
        "type": "city",
        "population": 0,
        "FID_Asean": 6,
        "OBJECTID": 7,
        "Country": "Vietnam",
        "Lat": 11.989135,
        "Long": 107.7023698,
        "flag": "https://moe-edugis.maps.arcgis.com/sharing/rest/content/items/076922a49b8848019378d48e2f3099ad/data"
      },
      "geometry": {
        "type": "Point",
        "coordinates": [
          107.70236980000001,
          11.989134999999976
        ]
      }
    },
    {
      "type": "Feature",
      "properties": {
        "FID_Place1": 3024,
        "osm_id": 259730355,
        "name": "Nha Trang",
        "type": "city",
        "population": 0,
        "FID_Asean": 6,
        "OBJECTID": 7,
        "Country": "Vietnam",
        "Lat": 12.2407665,
        "Long": 109.1983926,
        "flag": "https://moe-edugis.maps.arcgis.com/sharing/rest/content/items/076922a49b8848019378d48e2f3099ad/data"
      },
      "geometry": {
        "type": "Point",
        "coordinates": [
          109.19839259999998,
          12.240766500000007
        ]
      }
    },
    {
      "type": "Feature",
      "properties": {
        "FID_Place1": 4301,
        "osm_id": 369487053,
        "name": "Nha Trang",
        "type": "city",
        "population": 0,
        "FID_Asean": 6,
        "OBJECTID": 7,
        "Country": "Vietnam",
        "Lat": 12.2432176,
        "Long": 109.1899325,
        "flag": "https://moe-edugis.maps.arcgis.com/sharing/rest/content/items/076922a49b8848019378d48e2f3099ad/data"
      },
      "geometry": {
        "type": "Point",
        "coordinates": [
          109.18993249999995,
          12.243217600000037
        ]
      }
    },
    {
      "type": "Feature",
      "properties": {
        "FID_Place1": 349,
        "osm_id": 198515822,
        "name": "Masbate",
        "type": "city",
        "population": 0,
        "FID_Asean": 4,
        "OBJECTID": 5,
        "Country": "Philippines",
        "Lat": 12.3333389,
        "Long": 123.5833307,
        "flag": "https://moe-edugis.maps.arcgis.com/sharing/rest/content/items/43e52d2c748540338f7accdd5e18dc5d/data"
      },
      "geometry": {
        "type": "Point",
        "coordinates": [
          123.58333070000006,
          12.333338900000008
        ]
      }
    },
    {
      "type": "Feature",
      "properties": {
        "FID_Place1": 2983,
        "osm_id": 256993179,
        "name": "សែនមនោរម្យ",
        "type": "city",
        "population": 0,
        "FID_Asean": 2,
        "OBJECTID": 3,
        "Country": "Cambodia",
        "Lat": 12.4615126,
        "Long": 107.1913734,
        "flag": "https://moe-edugis.maps.arcgis.com/sharing/rest/content/items/6fb0443f6151420eb8c12c78fecfffec/data"
      },
      "geometry": {
        "type": "Point",
        "coordinates": [
          107.19137340000003,
          12.461512600000027
        ]
      }
    },
    {
      "type": "Feature",
      "properties": {
        "FID_Place1": 2982,
        "osm_id": 256993100,
        "name": "ក្រចេះ",
        "type": "city",
        "population": 0,
        "FID_Asean": 2,
        "OBJECTID": 3,
        "Country": "Cambodia",
        "Lat": 12.5315662,
        "Long": 106.005542,
        "flag": "https://moe-edugis.maps.arcgis.com/sharing/rest/content/items/6fb0443f6151420eb8c12c78fecfffec/data"
      },
      "geometry": {
        "type": "Point",
        "coordinates": [
          106.00554199999999,
          12.531566200000036
        ]
      }
    },
    {
      "type": "Feature",
      "properties": {
        "FID_Place1": 4287,
        "osm_id": 369487014,
        "name": "Buôn Ma Thuột",
        "type": "city",
        "population": 0,
        "FID_Asean": 6,
        "OBJECTID": 7,
        "Country": "Vietnam",
        "Lat": 12.6755225,
        "Long": 108.0536933,
        "flag": "https://moe-edugis.maps.arcgis.com/sharing/rest/content/items/076922a49b8848019378d48e2f3099ad/data"
      },
      "geometry": {
        "type": "Point",
        "coordinates": [
          108.05369329999999,
          12.675522500000028
        ]
      }
    },
    {
      "type": "Feature",
      "properties": {
        "FID_Place1": 4336,
        "osm_id": 372811021,
        "name": "ระยอง",
        "type": "city",
        "population": 0,
        "FID_Asean": 7,
        "OBJECTID": 8,
        "Country": "Thailand",
        "Lat": 12.6788894,
        "Long": 101.2656821,
        "flag": "https://moe-edugis.maps.arcgis.com/sharing/rest/content/items/d34f600b9bbd49bbad1d7b25df7a976e/data"
      },
      "geometry": {
        "type": "Point",
        "coordinates": [
          101.26568209999998,
          12.678889399999989
        ]
      }
    },
    {
      "type": "Feature",
      "properties": {
        "FID_Place1": 2978,
        "osm_id": 256889019,
        "name": "កំពង់ធំ",
        "type": "city",
        "population": 0,
        "FID_Asean": 2,
        "OBJECTID": 3,
        "Country": "Cambodia",
        "Lat": 12.6981623,
        "Long": 104.8859236,
        "flag": "https://moe-edugis.maps.arcgis.com/sharing/rest/content/items/6fb0443f6151420eb8c12c78fecfffec/data"
      },
      "geometry": {
        "type": "Point",
        "coordinates": [
          104.88592359999998,
          12.6981623
        ]
      }
    },
    {
      "type": "Feature",
      "properties": {
        "FID_Place1": 3004,
        "osm_id": 257878058,
        "name": "ពោធិ៍សាត់",
        "type": "city",
        "population": 0,
        "FID_Asean": 2,
        "OBJECTID": 3,
        "Country": "Cambodia",
        "Lat": 12.7732552,
        "Long": 103.448394,
        "flag": "https://moe-edugis.maps.arcgis.com/sharing/rest/content/items/6fb0443f6151420eb8c12c78fecfffec/data"
      },
      "geometry": {
        "type": "Point",
        "coordinates": [
          103.448394,
          12.773255199999959
        ]
      }
    },
    {
      "type": "Feature",
      "properties": {
        "FID_Place1": 4275,
        "osm_id": 369486928,
        "name": "Tuy Hòa",
        "type": "city",
        "population": 0,
        "FID_Asean": 6,
        "OBJECTID": 7,
        "Country": "Vietnam",
        "Lat": 13.0841632,
        "Long": 109.2984962,
        "flag": "https://moe-edugis.maps.arcgis.com/sharing/rest/content/items/076922a49b8848019378d48e2f3099ad/data"
      },
      "geometry": {
        "type": "Point",
        "coordinates": [
          109.29849619999997,
          13.084163200000027
        ]
      }
    },
    {
      "type": "Feature",
      "properties": {
        "FID_Place1": 2980,
        "osm_id": 256991275,
        "name": "បាត់ដំបង",
        "type": "city",
        "population": 0,
        "FID_Asean": 2,
        "OBJECTID": 3,
        "Country": "Cambodia",
        "Lat": 13.1030919,
        "Long": 103.1983431,
        "flag": "https://moe-edugis.maps.arcgis.com/sharing/rest/content/items/6fb0443f6151420eb8c12c78fecfffec/data"
      },
      "geometry": {
        "type": "Point",
        "coordinates": [
          103.1983431,
          13.103091899999981
        ]
      }
    },
    {
      "type": "Feature",
      "properties": {
        "FID_Place1": 2922,
        "osm_id": 249399456,
        "name": "Viet Nam",
        "type": "country",
        "population": 0,
        "FID_Asean": 6,
        "OBJECTID": 7,
        "Country": "Vietnam",
        "Lat": 13.2902342,
        "Long": 108.425224,
        "flag": "https://moe-edugis.maps.arcgis.com/sharing/rest/content/items/076922a49b8848019378d48e2f3099ad/data"
      },
      "geometry": {
        "type": "Point",
        "coordinates": [
          108.42522400000001,
          13.290234199999965
        ]
      }
    },
    {
      "type": "Feature",
      "properties": {
        "FID_Place1": 3002,
        "osm_id": 257838557,
        "name": "សៀមរាប",
        "type": "city",
        "population": 0,
        "FID_Asean": 2,
        "OBJECTID": 3,
        "Country": "Cambodia",
        "Lat": 13.3452425,
        "Long": 103.8541684,
        "flag": "https://moe-edugis.maps.arcgis.com/sharing/rest/content/items/6fb0443f6151420eb8c12c78fecfffec/data"
      },
      "geometry": {
        "type": "Point",
        "coordinates": [
          103.85416839999998,
          13.34524249999999
        ]
      }
    },
    {
      "type": "Feature",
      "properties": {
        "FID_Place1": 4258,
        "osm_id": 366477502,
        "name": "ชลบุรี",
        "type": "city",
        "population": 0,
        "FID_Asean": 7,
        "OBJECTID": 8,
        "Country": "Thailand",
        "Lat": 13.3658434,
        "Long": 100.9889619,
        "flag": "https://moe-edugis.maps.arcgis.com/sharing/rest/content/items/d34f600b9bbd49bbad1d7b25df7a976e/data"
      },
      "geometry": {
        "type": "Point",
        "coordinates": [
          100.98896190000005,
          13.365843400000017
        ]
      }
    },
    {
      "type": "Feature",
      "properties": {
        "FID_Place1": 2897,
        "osm_id": 249399358,
        "name": "Cambodia",
        "type": "country",
        "population": 0,
        "FID_Asean": 2,
        "OBJECTID": 3,
        "Country": "Cambodia",
        "Lat": 13.5065805,
        "Long": 104.8695042,
        "flag": "https://moe-edugis.maps.arcgis.com/sharing/rest/content/items/6fb0443f6151420eb8c12c78fecfffec/data"
      },
      "geometry": {
        "type": "Point",
        "coordinates": [
          104.8695042,
          13.506580500000013
        ]
      }
    },
    {
      "type": "Feature",
      "properties": {
        "FID_Place1": 2977,
        "osm_id": 256842008,
        "name": "ស្ទឹងត្រែង",
        "type": "city",
        "population": 0,
        "FID_Asean": 2,
        "OBJECTID": 3,
        "Country": "Cambodia",
        "Lat": 13.5248962,
        "Long": 105.9604282,
        "flag": "https://moe-edugis.maps.arcgis.com/sharing/rest/content/items/6fb0443f6151420eb8c12c78fecfffec/data"
      },
      "geometry": {
        "type": "Point",
        "coordinates": [
          105.96042820000001,
          13.524896199999965
        ]
      }
    },
    {
      "type": "Feature",
      "properties": {
        "FID_Place1": 4335,
        "osm_id": 372810213,
        "name": "สมุทรสาคร",
        "type": "city",
        "population": 0,
        "FID_Asean": 7,
        "OBJECTID": 8,
        "Country": "Thailand",
        "Lat": 13.5497782,
        "Long": 100.2742813,
        "flag": "https://moe-edugis.maps.arcgis.com/sharing/rest/content/items/d34f600b9bbd49bbad1d7b25df7a976e/data"
      },
      "geometry": {
        "type": "Point",
        "coordinates": [
          100.27428129999998,
          13.549778199999999
        ]
      }
    },
    {
      "type": "Feature",
      "properties": {
        "FID_Place1": 2979,
        "osm_id": 256990829,
        "name": "សិរីសោភ័ណ",
        "type": "city",
        "population": 0,
        "FID_Asean": 2,
        "OBJECTID": 3,
        "Country": "Cambodia",
        "Lat": 13.5757989,
        "Long": 102.9285351,
        "flag": "https://moe-edugis.maps.arcgis.com/sharing/rest/content/items/6fb0443f6151420eb8c12c78fecfffec/data"
      },
      "geometry": {
        "type": "Point",
        "coordinates": [
          102.9285351,
          13.575798900000017
        ]
      }
    },
    {
      "type": "Feature",
      "properties": {
        "FID_Place1": 3262,
        "osm_id": 304199925,
        "name": "สมุทรปราการ",
        "type": "city",
        "population": 0,
        "FID_Asean": 7,
        "OBJECTID": 8,
        "Country": "Thailand",
        "Lat": 13.5964801,
        "Long": 100.5997041,
        "flag": "https://moe-edugis.maps.arcgis.com/sharing/rest/content/items/d34f600b9bbd49bbad1d7b25df7a976e/data"
      },
      "geometry": {
        "type": "Point",
        "coordinates": [
          100.59970410000001,
          13.596480100000022
        ]
      }
    },
    {
      "type": "Feature",
      "properties": {
        "FID_Place1": 342,
        "osm_id": 196960203,
        "name": "Naga",
        "type": "city",
        "population": 0,
        "FID_Asean": 4,
        "OBJECTID": 5,
        "Country": "Philippines",
        "Lat": 13.6240121,
        "Long": 123.185032,
        "flag": "https://moe-edugis.maps.arcgis.com/sharing/rest/content/items/43e52d2c748540338f7accdd5e18dc5d/data"
      },
      "geometry": {
        "type": "Point",
        "coordinates": [
          123.185032,
          13.62401210000003
        ]
      }
    },
    {
      "type": "Feature",
      "properties": {
        "FID_Place1": 3003,
        "osm_id": 257876211,
        "name": "បានលុង",
        "type": "city",
        "population": 0,
        "FID_Asean": 2,
        "OBJECTID": 3,
        "Country": "Cambodia",
        "Lat": 13.7443027,
        "Long": 106.9883623,
        "flag": "https://moe-edugis.maps.arcgis.com/sharing/rest/content/items/6fb0443f6151420eb8c12c78fecfffec/data"
      },
      "geometry": {
        "type": "Point",
        "coordinates": [
          106.98836230000005,
          13.744302699999992
        ]
      }
    },
    {
      "type": "Feature",
      "properties": {
        "FID_Place1": 216,
        "osm_id": 109776869,
        "name": "กรุงเทพมหานคร",
        "type": "city",
        "population": 8600000,
        "FID_Asean": 7,
        "OBJECTID": 8,
        "Country": "Thailand",
        "Lat": 13.7527336,
        "Long": 100.4940928,
        "flag": "https://moe-edugis.maps.arcgis.com/sharing/rest/content/items/d34f600b9bbd49bbad1d7b25df7a976e/data"
      },
      "geometry": {
        "type": "Point",
        "coordinates": [
          100.49409280000003,
          13.752733599999992
        ]
      }
    },
    {
      "type": "Feature",
      "properties": {
        "FID_Place1": 4285,
        "osm_id": 369487010,
        "name": "Quy Nhơn",
        "type": "city",
        "population": 0,
        "FID_Asean": 6,
        "OBJECTID": 7,
        "Country": "Vietnam",
        "Lat": 13.7742719,
        "Long": 109.2242272,
        "flag": "https://moe-edugis.maps.arcgis.com/sharing/rest/content/items/076922a49b8848019378d48e2f3099ad/data"
      },
      "geometry": {
        "type": "Point",
        "coordinates": [
          109.22422719999996,
          13.774271900000038
        ]
      }
    },
    {
      "type": "Feature",
      "properties": {
        "FID_Place1": 2981,
        "osm_id": 256992516,
        "name": "ត្បែងមានជ័យ",
        "type": "city",
        "population": 0,
        "FID_Asean": 2,
        "OBJECTID": 3,
        "Country": "Cambodia",
        "Lat": 13.8021147,
        "Long": 104.9765967,
        "flag": "https://moe-edugis.maps.arcgis.com/sharing/rest/content/items/6fb0443f6151420eb8c12c78fecfffec/data"
      },
      "geometry": {
        "type": "Point",
        "coordinates": [
          104.97659670000004,
          13.802114700000004
        ]
      }
    },
    {
      "type": "Feature",
      "properties": {
        "FID_Place1": 4247,
        "osm_id": 360352320,
        "name": "นครปฐม",
        "type": "city",
        "population": 0,
        "FID_Asean": 7,
        "OBJECTID": 8,
        "Country": "Thailand",
        "Lat": 13.8198186,
        "Long": 100.0583846,
        "flag": "https://moe-edugis.maps.arcgis.com/sharing/rest/content/items/d34f600b9bbd49bbad1d7b25df7a976e/data"
      },
      "geometry": {
        "type": "Point",
        "coordinates": [
          100.05838460000001,
          13.819818599999962
        ]
      }
    },
    {
      "type": "Feature",
      "properties": {
        "FID_Place1": 4245,
        "osm_id": 359862014,
        "name": "นนทบุรี",
        "type": "city",
        "population": 0,
        "FID_Asean": 7,
        "OBJECTID": 8,
        "Country": "Thailand",
        "Lat": 13.8608545,
        "Long": 100.5133388,
        "flag": "https://moe-edugis.maps.arcgis.com/sharing/rest/content/items/d34f600b9bbd49bbad1d7b25df7a976e/data"
      },
      "geometry": {
        "type": "Point",
        "coordinates": [
          100.51333880000004,
          13.860854500000045
        ]
      }
    },
    {
      "type": "Feature",
      "properties": {
        "FID_Place1": 4170,
        "osm_id": 356814884,
        "name": "ปากเกร็ด",
        "type": "city",
        "population": 0,
        "FID_Asean": 7,
        "OBJECTID": 8,
        "Country": "Thailand",
        "Lat": 13.9123476,
        "Long": 100.4979064,
        "flag": "https://moe-edugis.maps.arcgis.com/sharing/rest/content/items/d34f600b9bbd49bbad1d7b25df7a976e/data"
      },
      "geometry": {
        "type": "Point",
        "coordinates": [
          100.4979064,
          13.912347600000011
        ]
      }
    },
    {
      "type": "Feature",
      "properties": {
        "FID_Place1": 3140,
        "osm_id": 272327246,
        "name": "Lucena City",
        "type": "city",
        "population": 0,
        "FID_Asean": 4,
        "OBJECTID": 5,
        "Country": "Philippines",
        "Lat": 13.9260416,
        "Long": 121.6141866,
        "flag": "https://moe-edugis.maps.arcgis.com/sharing/rest/content/items/43e52d2c748540338f7accdd5e18dc5d/data"
      },
      "geometry": {
        "type": "Point",
        "coordinates": [
          121.61418659999997,
          13.926041600000012
        ]
      }
    },
    {
      "type": "Feature",
      "properties": {
        "FID_Place1": 3144,
        "osm_id": 273991971,
        "name": "Lipa",
        "type": "city",
        "population": 0,
        "FID_Asean": 4,
        "OBJECTID": 5,
        "Country": "Philippines",
        "Lat": 13.9401049,
        "Long": 121.1569355,
        "flag": "https://moe-edugis.maps.arcgis.com/sharing/rest/content/items/43e52d2c748540338f7accdd5e18dc5d/data"
      },
      "geometry": {
        "type": "Point",
        "coordinates": [
          121.15693550000005,
          13.940104900000009
        ]
      }
    },
    {
      "type": "Feature",
      "properties": {
        "FID_Place1": 4315,
        "osm_id": 369487091,
        "name": "Pleiku",
        "type": "city",
        "population": 0,
        "FID_Asean": 6,
        "OBJECTID": 7,
        "Country": "Vietnam",
        "Lat": 13.9862612,
        "Long": 108.0027018,
        "flag": "https://moe-edugis.maps.arcgis.com/sharing/rest/content/items/076922a49b8848019378d48e2f3099ad/data"
      },
      "geometry": {
        "type": "Point",
        "coordinates": [
          108.00270179999997,
          13.986261200000008
        ]
      }
    },
    {
      "type": "Feature",
      "properties": {
        "FID_Place1": 3100,
        "osm_id": 269470262,
        "name": "San Pablo",
        "type": "city",
        "population": 237259,
        "FID_Asean": 4,
        "OBJECTID": 5,
        "Country": "Philippines",
        "Lat": 14.0745845,
        "Long": 121.3182636,
        "flag": "https://moe-edugis.maps.arcgis.com/sharing/rest/content/items/43e52d2c748540338f7accdd5e18dc5d/data"
      },
      "geometry": {
        "type": "Point",
        "coordinates": [
          121.31826359999997,
          14.074584499999979
        ]
      }
    },
    {
      "type": "Feature",
      "properties": {
        "FID_Place1": 351,
        "osm_id": 198523357,
        "name": "Tanauan",
        "type": "city",
        "population": 0,
        "FID_Asean": 4,
        "OBJECTID": 5,
        "Country": "Philippines",
        "Lat": 14.0782766,
        "Long": 121.1191608,
        "flag": "https://moe-edugis.maps.arcgis.com/sharing/rest/content/items/43e52d2c748540338f7accdd5e18dc5d/data"
      },
      "geometry": {
        "type": "Point",
        "coordinates": [
          121.11916080000006,
          14.078276600000024
        ]
      }
    },
    {
      "type": "Feature",
      "properties": {
        "FID_Place1": 3199,
        "osm_id": 283347803,
        "name": "Tagaytay",
        "type": "city",
        "population": 0,
        "FID_Asean": 4,
        "OBJECTID": 5,
        "Country": "Philippines",
        "Lat": 14.1149813,
        "Long": 120.9635546,
        "flag": "https://moe-edugis.maps.arcgis.com/sharing/rest/content/items/43e52d2c748540338f7accdd5e18dc5d/data"
      },
      "geometry": {
        "type": "Point",
        "coordinates": [
          120.9635546,
          14.114981300000032
        ]
      }
    },
    {
      "type": "Feature",
      "properties": {
        "FID_Place1": 3000,
        "osm_id": 257735781,
        "name": "អន្លង់វែង",
        "type": "city",
        "population": 0,
        "FID_Asean": 2,
        "OBJECTID": 3,
        "Country": "Cambodia",
        "Lat": 14.2330675,
        "Long": 104.0838229,
        "flag": "https://moe-edugis.maps.arcgis.com/sharing/rest/content/items/6fb0443f6151420eb8c12c78fecfffec/data"
      },
      "geometry": {
        "type": "Point",
        "coordinates": [
          104.08382289999999,
          14.233067500000033
        ]
      }
    },
    {
      "type": "Feature",
      "properties": {
        "FID_Place1": 2963,
        "osm_id": 255058930,
        "name": "Trece Martires",
        "type": "city",
        "population": 0,
        "FID_Asean": 4,
        "OBJECTID": 5,
        "Country": "Philippines",
        "Lat": 14.279821,
        "Long": 120.867187,
        "flag": "https://moe-edugis.maps.arcgis.com/sharing/rest/content/items/43e52d2c748540338f7accdd5e18dc5d/data"
      },
      "geometry": {
        "type": "Point",
        "coordinates": [
          120.86718700000004,
          14.279820999999977
        ]
      }
    },
    {
      "type": "Feature",
      "properties": {
        "FID_Place1": 4341,
        "osm_id": 373164985,
        "name": "พระนครศรีอยุธยา",
        "type": "city",
        "population": 0,
        "FID_Asean": 7,
        "OBJECTID": 8,
        "Country": "Thailand",
        "Lat": 14.3560372,
        "Long": 100.5722073,
        "flag": "https://moe-edugis.maps.arcgis.com/sharing/rest/content/items/d34f600b9bbd49bbad1d7b25df7a976e/data"
      },
      "geometry": {
        "type": "Point",
        "coordinates": [
          100.57220729999999,
          14.356037199999975
        ]
      }
    },
    {
      "type": "Feature",
      "properties": {
        "FID_Place1": 4268,
        "osm_id": 369486909,
        "name": "Kon Tum",
        "type": "city",
        "population": 0,
        "FID_Asean": 6,
        "OBJECTID": 7,
        "Country": "Vietnam",
        "Lat": 14.3616688,
        "Long": 108.0041249,
        "flag": "https://moe-edugis.maps.arcgis.com/sharing/rest/content/items/076922a49b8848019378d48e2f3099ad/data"
      },
      "geometry": {
        "type": "Point",
        "coordinates": [
          108.00412490000002,
          14.361668799999997
        ]
      }
    },
    {
      "type": "Feature",
      "properties": {
        "FID_Place1": 344,
        "osm_id": 198493613,
        "name": "Manila",
        "type": "city",
        "population": 0,
        "FID_Asean": 4,
        "OBJECTID": 5,
        "Country": "Philippines",
        "Lat": 14.6243903,
        "Long": 120.9786981,
        "flag": "https://moe-edugis.maps.arcgis.com/sharing/rest/content/items/43e52d2c748540338f7accdd5e18dc5d/data"
      },
      "geometry": {
        "type": "Point",
        "coordinates": [
          120.97869810000002,
          14.624390300000037
        ]
      }
    },
    {
      "type": "Feature",
      "properties": {
        "FID_Place1": 350,
        "osm_id": 198516371,
        "name": "Balanga City",
        "type": "city",
        "population": 0,
        "FID_Asean": 4,
        "OBJECTID": 5,
        "Country": "Philippines",
        "Lat": 14.6757121,
        "Long": 120.5284775,
        "flag": "https://moe-edugis.maps.arcgis.com/sharing/rest/content/items/43e52d2c748540338f7accdd5e18dc5d/data"
      },
      "geometry": {
        "type": "Point",
        "coordinates": [
          120.52847749999997,
          14.675712100000041
        ]
      }
    },
    {
      "type": "Feature",
      "properties": {
        "FID_Place1": 3010,
        "osm_id": 257904863,
        "name": "สุรินทร์",
        "type": "city",
        "population": 40104,
        "FID_Asean": 7,
        "OBJECTID": 8,
        "Country": "Thailand",
        "Lat": 14.884901,
        "Long": 103.4930476,
        "flag": "https://moe-edugis.maps.arcgis.com/sharing/rest/content/items/d34f600b9bbd49bbad1d7b25df7a976e/data"
      },
      "geometry": {
        "type": "Point",
        "coordinates": [
          103.4930476,
          14.884901000000035
        ]
      }
    },
    {
      "type": "Feature",
      "properties": {
        "FID_Place1": 4260,
        "osm_id": 366853780,
        "name": "Thailand",
        "type": "country",
        "population": 0,
        "FID_Asean": 7,
        "OBJECTID": 8,
        "Country": "Thailand",
        "Lat": 14.8971238,
        "Long": 100.8327648,
        "flag": "https://moe-edugis.maps.arcgis.com/sharing/rest/content/items/d34f600b9bbd49bbad1d7b25df7a976e/data"
      },
      "geometry": {
        "type": "Point",
        "coordinates": [
          100.83276480000004,
          14.897123799999981
        ]
      }
    },
    {
      "type": "Feature",
      "properties": {
        "FID_Place1": 2984,
        "osm_id": 257335975,
        "name": "นครราชสีมา",
        "type": "city",
        "population": 150768,
        "FID_Asean": 7,
        "OBJECTID": 8,
        "Country": "Thailand",
        "Lat": 14.9870626,
        "Long": 102.0932465,
        "flag": "https://moe-edugis.maps.arcgis.com/sharing/rest/content/items/d34f600b9bbd49bbad1d7b25df7a976e/data"
      },
      "geometry": {
        "type": "Point",
        "coordinates": [
          102.0932465,
          14.987062600000037
        ]
      }
    },
    {
      "type": "Feature",
      "properties": {
        "FID_Place1": 3009,
        "osm_id": 257904596,
        "name": "บุรีรัมย์",
        "type": "city",
        "population": 28333,
        "FID_Asean": 7,
        "OBJECTID": 8,
        "Country": "Thailand",
        "Lat": 15.002326,
        "Long": 103.1026896,
        "flag": "https://moe-edugis.maps.arcgis.com/sharing/rest/content/items/d34f600b9bbd49bbad1d7b25df7a976e/data"
      },
      "geometry": {
        "type": "Point",
        "coordinates": [
          103.10268959999998,
          15.00232600000004
        ]
      }
    },
    {
      "type": "Feature",
      "properties": {
        "FID_Place1": 4385,
        "osm_id": 409686741,
        "name": "ศรีสะเกษ",
        "type": "city",
        "population": 0,
        "FID_Asean": 7,
        "OBJECTID": 8,
        "Country": "Thailand",
        "Lat": 15.116794,
        "Long": 104.3323476,
        "flag": "https://moe-edugis.maps.arcgis.com/sharing/rest/content/items/d34f600b9bbd49bbad1d7b25df7a976e/data"
      },
      "geometry": {
        "type": "Point",
        "coordinates": [
          104.33234759999999,
          15.116793999999985
        ]
      }
    },
    {
      "type": "Feature",
      "properties": {
        "FID_Place1": 4270,
        "osm_id": 369486914,
        "name": "Quảng Ngãi",
        "type": "city",
        "population": 0,
        "FID_Asean": 6,
        "OBJECTID": 7,
        "Country": "Vietnam",
        "Lat": 15.1191146,
        "Long": 108.8097012,
        "flag": "https://moe-edugis.maps.arcgis.com/sharing/rest/content/items/076922a49b8848019378d48e2f3099ad/data"
      },
      "geometry": {
        "type": "Point",
        "coordinates": [
          108.8097012,
          15.119114599999968
        ]
      }
    },
    {
      "type": "Feature",
      "properties": {
        "FID_Place1": 244,
        "osm_id": 133069982,
        "name": "ປາກເຊ",
        "type": "city",
        "population": 0,
        "FID_Asean": 3,
        "OBJECTID": 4,
        "Country": "Laos DR",
        "Lat": 15.1345638,
        "Long": 105.7874532,
        "flag": "https://moe-edugis.maps.arcgis.com/sharing/rest/content/items/679ec579146740c9a9428c3254d3b69e/data"
      },
      "geometry": {
        "type": "Point",
        "coordinates": [
          105.7874532,
          15.134563799999974
        ]
      }
    },
    {
      "type": "Feature",
      "properties": {
        "FID_Place1": 2985,
        "osm_id": 257335981,
        "name": "พิมาย",
        "type": "city",
        "population": 0,
        "FID_Asean": 7,
        "OBJECTID": 8,
        "Country": "Thailand",
        "Lat": 15.2176791,
        "Long": 102.4942436,
        "flag": "https://moe-edugis.maps.arcgis.com/sharing/rest/content/items/d34f600b9bbd49bbad1d7b25df7a976e/data"
      },
      "geometry": {
        "type": "Point",
        "coordinates": [
          102.49424360000003,
          15.217679099999977
        ]
      }
    },
    {
      "type": "Feature",
      "properties": {
        "FID_Place1": 3011,
        "osm_id": 257905362,
        "name": "อุบลราชธานี",
        "type": "city",
        "population": 106552,
        "FID_Asean": 7,
        "OBJECTID": 8,
        "Country": "Thailand",
        "Lat": 15.2273833,
        "Long": 104.8584439,
        "flag": "https://moe-edugis.maps.arcgis.com/sharing/rest/content/items/d34f600b9bbd49bbad1d7b25df7a976e/data"
      },
      "geometry": {
        "type": "Point",
        "coordinates": [
          104.85844390000004,
          15.227383299999993
        ]
      }
    },
    {
      "type": "Feature",
      "properties": {
        "FID_Place1": 245,
        "osm_id": 133072627,
        "name": "ເຊກອງ",
        "type": "city",
        "population": 0,
        "FID_Asean": 3,
        "OBJECTID": 4,
        "Country": "Laos DR",
        "Lat": 15.3473583,
        "Long": 106.7265364,
        "flag": "https://moe-edugis.maps.arcgis.com/sharing/rest/content/items/679ec579146740c9a9428c3254d3b69e/data"
      },
      "geometry": {
        "type": "Point",
        "coordinates": [
          106.72653640000003,
          15.347358300000039
        ]
      }
    },
    {
      "type": "Feature",
      "properties": {
        "FID_Place1": 4392,
        "osm_id": 409983708,
        "name": "อุทัยธานี",
        "type": "city",
        "population": 0,
        "FID_Asean": 7,
        "OBJECTID": 8,
        "Country": "Thailand",
        "Lat": 15.3660285,
        "Long": 100.050465,
        "flag": "https://moe-edugis.maps.arcgis.com/sharing/rest/content/items/d34f600b9bbd49bbad1d7b25df7a976e/data"
      },
      "geometry": {
        "type": "Point",
        "coordinates": [
          100.05046500000003,
          15.366028500000013
        ]
      }
    },
    {
      "type": "Feature",
      "properties": {
        "FID_Place1": 4096,
        "osm_id": 317950271,
        "name": "Tarlac City",
        "type": "city",
        "population": 0,
        "FID_Asean": 4,
        "OBJECTID": 5,
        "Country": "Philippines",
        "Lat": 15.4904848,
        "Long": 120.5924367,
        "flag": "https://moe-edugis.maps.arcgis.com/sharing/rest/content/items/43e52d2c748540338f7accdd5e18dc5d/data"
      },
      "geometry": {
        "type": "Point",
        "coordinates": [
          120.59243670000002,
          15.490484800000033
        ]
      }
    },
    {
      "type": "Feature",
      "properties": {
        "FID_Place1": 4288,
        "osm_id": 369487017,
        "name": "Tam Kỳ",
        "type": "city",
        "population": 0,
        "FID_Asean": 6,
        "OBJECTID": 7,
        "Country": "Vietnam",
        "Lat": 15.5756586,
        "Long": 108.4743434,
        "flag": "https://moe-edugis.maps.arcgis.com/sharing/rest/content/items/076922a49b8848019378d48e2f3099ad/data"
      },
      "geometry": {
        "type": "Point",
        "coordinates": [
          108.47434339999995,
          15.575658600000004
        ]
      }
    },
    {
      "type": "Feature",
      "properties": {
        "FID_Place1": 222,
        "osm_id": 114123787,
        "name": "นครสวรรค์",
        "type": "city",
        "population": 0,
        "FID_Asean": 7,
        "OBJECTID": 8,
        "Country": "Thailand",
        "Lat": 15.697411,
        "Long": 100.1254381,
        "flag": "https://moe-edugis.maps.arcgis.com/sharing/rest/content/items/d34f600b9bbd49bbad1d7b25df7a976e/data"
      },
      "geometry": {
        "type": "Point",
        "coordinates": [
          100.12543810000004,
          15.69741100000003
        ]
      }
    },
    {
      "type": "Feature",
      "properties": {
        "FID_Place1": 243,
        "osm_id": 132731678,
        "name": "ສາລະວັນ",
        "type": "city",
        "population": 0,
        "FID_Asean": 3,
        "OBJECTID": 4,
        "Country": "Laos DR",
        "Lat": 15.7181539,
        "Long": 106.4235332,
        "flag": "https://moe-edugis.maps.arcgis.com/sharing/rest/content/items/679ec579146740c9a9428c3254d3b69e/data"
      },
      "geometry": {
        "type": "Point",
        "coordinates": [
          106.42353319999997,
          15.71815389999999
        ]
      }
    },
    {
      "type": "Feature",
      "properties": {
        "FID_Place1": 4386,
        "osm_id": 409691951,
        "name": "ยโสธร",
        "type": "city",
        "population": 0,
        "FID_Asean": 7,
        "OBJECTID": 8,
        "Country": "Thailand",
        "Lat": 15.795393,
        "Long": 104.1495836,
        "flag": "https://moe-edugis.maps.arcgis.com/sharing/rest/content/items/d34f600b9bbd49bbad1d7b25df7a976e/data"
      },
      "geometry": {
        "type": "Point",
        "coordinates": [
          104.14958359999997,
          15.795392999999983
        ]
      }
    },
    {
      "type": "Feature",
      "properties": {
        "FID_Place1": 4387,
        "osm_id": 409694129,
        "name": "ชัยภูมิ",
        "type": "city",
        "population": 0,
        "FID_Asean": 7,
        "OBJECTID": 8,
        "Country": "Thailand",
        "Lat": 15.799925,
        "Long": 102.0341766,
        "flag": "https://moe-edugis.maps.arcgis.com/sharing/rest/content/items/d34f600b9bbd49bbad1d7b25df7a976e/data"
      },
      "geometry": {
        "type": "Point",
        "coordinates": [
          102.03417660000001,
          15.799924999999973
        ]
      }
    },
    {
      "type": "Feature",
      "properties": {
        "FID_Place1": 4381,
        "osm_id": 409647053,
        "name": "อำนาจเจริญ",
        "type": "city",
        "population": 0,
        "FID_Asean": 7,
        "OBJECTID": 8,
        "Country": "Thailand",
        "Lat": 15.850389,
        "Long": 104.6332396,
        "flag": "https://moe-edugis.maps.arcgis.com/sharing/rest/content/items/d34f600b9bbd49bbad1d7b25df7a976e/data"
      },
      "geometry": {
        "type": "Point",
        "coordinates": [
          104.6332396,
          15.850388999999971
        ]
      }
    },
    {
      "type": "Feature",
      "properties": {
        "FID_Place1": 42,
        "osm_id": 30917625,
        "name": "Urdaneta City",
        "type": "city",
        "population": 0,
        "FID_Asean": 4,
        "OBJECTID": 5,
        "Country": "Philippines",
        "Lat": 15.9809136,
        "Long": 120.5659968,
        "flag": "https://moe-edugis.maps.arcgis.com/sharing/rest/content/items/43e52d2c748540338f7accdd5e18dc5d/data"
      },
      "geometry": {
        "type": "Point",
        "coordinates": [
          120.56599679999997,
          15.980913599999994
        ]
      }
    },
    {
      "type": "Feature",
      "properties": {
        "FID_Place1": 4090,
        "osm_id": 317405147,
        "name": "Dagupan City",
        "type": "city",
        "population": 0,
        "FID_Asean": 4,
        "OBJECTID": 5,
        "Country": "Philippines",
        "Lat": 16.0423712,
        "Long": 120.335285,
        "flag": "https://moe-edugis.maps.arcgis.com/sharing/rest/content/items/43e52d2c748540338f7accdd5e18dc5d/data"
      },
      "geometry": {
        "type": "Point",
        "coordinates": [
          120.33528500000004,
          16.04237120000002
        ]
      }
    },
    {
      "type": "Feature",
      "properties": {
        "FID_Place1": 4384,
        "osm_id": 409682242,
        "name": "ร้อยเอ็ด",
        "type": "city",
        "population": 0,
        "FID_Asean": 7,
        "OBJECTID": 8,
        "Country": "Thailand",
        "Lat": 16.056247,
        "Long": 103.6530946,
        "flag": "https://moe-edugis.maps.arcgis.com/sharing/rest/content/items/d34f600b9bbd49bbad1d7b25df7a976e/data"
      },
      "geometry": {
        "type": "Point",
        "coordinates": [
          103.65309459999996,
          16.056246999999964
        ]
      }
    },
    {
      "type": "Feature",
      "properties": {
        "FID_Place1": 4291,
        "osm_id": 369487028,
        "name": "Đà Nẵng",
        "type": "city",
        "population": 0,
        "FID_Asean": 6,
        "OBJECTID": 7,
        "Country": "Vietnam",
        "Lat": 16.0679814,
        "Long": 108.2031631,
        "flag": "https://moe-edugis.maps.arcgis.com/sharing/rest/content/items/076922a49b8848019378d48e2f3099ad/data"
      },
      "geometry": {
        "type": "Point",
        "coordinates": [
          108.20316310000001,
          16.0679814
        ]
      }
    },
    {
      "type": "Feature",
      "properties": {
        "FID_Place1": 4382,
        "osm_id": 409666323,
        "name": "มหาสารคาม",
        "type": "city",
        "population": 0,
        "FID_Asean": 7,
        "OBJECTID": 8,
        "Country": "Thailand",
        "Lat": 16.185962,
        "Long": 103.2945526,
        "flag": "https://moe-edugis.maps.arcgis.com/sharing/rest/content/items/d34f600b9bbd49bbad1d7b25df7a976e/data"
      },
      "geometry": {
        "type": "Point",
        "coordinates": [
          103.29455260000003,
          16.185961999999968
        ]
      }
    },
    {
      "type": "Feature",
      "properties": {
        "FID_Place1": 4095,
        "osm_id": 317949374,
        "name": "Baguio City",
        "type": "city",
        "population": 0,
        "FID_Asean": 4,
        "OBJECTID": 5,
        "Country": "Philippines",
        "Lat": 16.4137024,
        "Long": 120.5914918,
        "flag": "https://moe-edugis.maps.arcgis.com/sharing/rest/content/items/43e52d2c748540338f7accdd5e18dc5d/data"
      },
      "geometry": {
        "type": "Point",
        "coordinates": [
          120.5914918,
          16.41370239999997
        ]
      }
    },
    {
      "type": "Feature",
      "properties": {
        "FID_Place1": 4378,
        "osm_id": 407997799,
        "name": "เพชรบูรณ์",
        "type": "city",
        "population": 0,
        "FID_Asean": 7,
        "OBJECTID": 8,
        "Country": "Thailand",
        "Lat": 16.4188378,
        "Long": 101.1606594,
        "flag": "https://moe-edugis.maps.arcgis.com/sharing/rest/content/items/d34f600b9bbd49bbad1d7b25df7a976e/data"
      },
      "geometry": {
        "type": "Point",
        "coordinates": [
          101.16065940000003,
          16.41883779999997
        ]
      }
    },
    {
      "type": "Feature",
      "properties": {
        "FID_Place1": 3013,
        "osm_id": 257906398,
        "name": "กาฬสินธุ์",
        "type": "city",
        "population": 37653,
        "FID_Asean": 7,
        "OBJECTID": 8,
        "Country": "Thailand",
        "Lat": 16.431637,
        "Long": 103.5071236,
        "flag": "https://moe-edugis.maps.arcgis.com/sharing/rest/content/items/d34f600b9bbd49bbad1d7b25df7a976e/data"
      },
      "geometry": {
        "type": "Point",
        "coordinates": [
          103.50712359999999,
          16.431637000000002
        ]
      }
    },
    {
      "type": "Feature",
      "properties": {
        "FID_Place1": 4325,
        "osm_id": 369493329,
        "name": "ขอนแก่น",
        "type": "city",
        "population": 0,
        "FID_Asean": 7,
        "OBJECTID": 8,
        "Country": "Thailand",
        "Lat": 16.4340258,
        "Long": 102.846174,
        "flag": "https://moe-edugis.maps.arcgis.com/sharing/rest/content/items/d34f600b9bbd49bbad1d7b25df7a976e/data"
      },
      "geometry": {
        "type": "Point",
        "coordinates": [
          102.84617400000005,
          16.434025800000036
        ]
      }
    },
    {
      "type": "Feature",
      "properties": {
        "FID_Place1": 4390,
        "osm_id": 409975309,
        "name": "พิจิตร",
        "type": "city",
        "population": 0,
        "FID_Asean": 7,
        "OBJECTID": 8,
        "Country": "Thailand",
        "Lat": 16.4384306,
        "Long": 100.3708853,
        "flag": "https://moe-edugis.maps.arcgis.com/sharing/rest/content/items/d34f600b9bbd49bbad1d7b25df7a976e/data"
      },
      "geometry": {
        "type": "Point",
        "coordinates": [
          100.37088529999996,
          16.438430599999982
        ]
      }
    },
    {
      "type": "Feature",
      "properties": {
        "FID_Place1": 4317,
        "osm_id": 369487099,
        "name": "Huế",
        "type": "city",
        "population": 0,
        "FID_Asean": 6,
        "OBJECTID": 7,
        "Country": "Vietnam",
        "Lat": 16.4610433,
        "Long": 107.5989167,
        "flag": "https://moe-edugis.maps.arcgis.com/sharing/rest/content/items/076922a49b8848019378d48e2f3099ad/data"
      },
      "geometry": {
        "type": "Point",
        "coordinates": [
          107.5989167,
          16.461043300000014
        ]
      }
    },
    {
      "type": "Feature",
      "properties": {
        "FID_Place1": 4388,
        "osm_id": 409704578,
        "name": "กำแพงเพชร",
        "type": "city",
        "population": 0,
        "FID_Asean": 7,
        "OBJECTID": 8,
        "Country": "Thailand",
        "Lat": 16.4744224,
        "Long": 99.49223,
        "flag": "https://moe-edugis.maps.arcgis.com/sharing/rest/content/items/d34f600b9bbd49bbad1d7b25df7a976e/data"
      },
      "geometry": {
        "type": "Point",
        "coordinates": [
          99.49223000000003,
          16.47442239999998
        ]
      }
    },
    {
      "type": "Feature",
      "properties": {
        "FID_Place1": 4383,
        "osm_id": 409675713,
        "name": "มุกดาหาร",
        "type": "city",
        "population": 0,
        "FID_Asean": 7,
        "OBJECTID": 8,
        "Country": "Thailand",
        "Lat": 16.5334002,
        "Long": 104.716886,
        "flag": "https://moe-edugis.maps.arcgis.com/sharing/rest/content/items/d34f600b9bbd49bbad1d7b25df7a976e/data"
      },
      "geometry": {
        "type": "Point",
        "coordinates": [
          104.71688599999997,
          16.533400199999996
        ]
      }
    },
    {
      "type": "Feature",
      "properties": {
        "FID_Place1": 241,
        "osm_id": 132718451,
        "name": "ສະຫວັນນະເຂດ",
        "type": "city",
        "population": 0,
        "FID_Asean": 3,
        "OBJECTID": 4,
        "Country": "Laos DR",
        "Lat": 16.5681035,
        "Long": 104.7587499,
        "flag": "https://moe-edugis.maps.arcgis.com/sharing/rest/content/items/679ec579146740c9a9428c3254d3b69e/data"
      },
      "geometry": {
        "type": "Point",
        "coordinates": [
          104.75874990000001,
          16.56810349999997
        ]
      }
    },
    {
      "type": "Feature",
      "properties": {
        "FID_Place1": 249,
        "osm_id": 133417249,
        "name": "Xepon",
        "type": "city",
        "population": 0,
        "FID_Asean": 3,
        "OBJECTID": 4,
        "Country": "Laos DR",
        "Lat": 16.6890552,
        "Long": 106.2315834,
        "flag": "https://moe-edugis.maps.arcgis.com/sharing/rest/content/items/679ec579146740c9a9428c3254d3b69e/data"
      },
      "geometry": {
        "type": "Point",
        "coordinates": [
          106.23158340000002,
          16.689055200000006
        ]
      }
    },
    {
      "type": "Feature",
      "properties": {
        "FID_Place1": 4302,
        "osm_id": 369487058,
        "name": "Đông Hà",
        "type": "city",
        "population": 0,
        "FID_Asean": 6,
        "OBJECTID": 7,
        "Country": "Vietnam",
        "Lat": 16.8172395,
        "Long": 107.1017422,
        "flag": "https://moe-edugis.maps.arcgis.com/sharing/rest/content/items/076922a49b8848019378d48e2f3099ad/data"
      },
      "geometry": {
        "type": "Point",
        "coordinates": [
          107.10174220000002,
          16.81723950000002
        ]
      }
    },
    {
      "type": "Feature",
      "properties": {
        "FID_Place1": 223,
        "osm_id": 114123967,
        "name": "พิษณุโลก",
        "type": "city",
        "population": 0,
        "FID_Asean": 7,
        "OBJECTID": 8,
        "Country": "Thailand",
        "Lat": 16.818956,
        "Long": 100.2568064,
        "flag": "https://moe-edugis.maps.arcgis.com/sharing/rest/content/items/d34f600b9bbd49bbad1d7b25df7a976e/data"
      },
      "geometry": {
        "type": "Point",
        "coordinates": [
          100.25680639999997,
          16.81895600000002
        ]
      }
    },
    {
      "type": "Feature",
      "properties": {
        "FID_Place1": 2875,
        "osm_id": 249060596,
        "name": "ตาก",
        "type": "city",
        "population": 0,
        "FID_Asean": 7,
        "OBJECTID": 8,
        "Country": "Thailand",
        "Lat": 16.8718384,
        "Long": 99.12637,
        "flag": "https://moe-edugis.maps.arcgis.com/sharing/rest/content/items/d34f600b9bbd49bbad1d7b25df7a976e/data"
      },
      "geometry": {
        "type": "Point",
        "coordinates": [
          99.12636999999998,
          16.87183840000001
        ]
      }
    },
    {
      "type": "Feature",
      "properties": {
        "FID_Place1": 2874,
        "osm_id": 249060591,
        "name": "สุโขทัย",
        "type": "city",
        "population": 0,
        "FID_Asean": 7,
        "OBJECTID": 8,
        "Country": "Thailand",
        "Lat": 17.0137973,
        "Long": 99.8156863,
        "flag": "https://moe-edugis.maps.arcgis.com/sharing/rest/content/items/d34f600b9bbd49bbad1d7b25df7a976e/data"
      },
      "geometry": {
        "type": "Point",
        "coordinates": [
          99.81568629999998,
          17.01379730000003
        ]
      }
    },
    {
      "type": "Feature",
      "properties": {
        "FID_Place1": 3012,
        "osm_id": 257905923,
        "name": "สกลนคร",
        "type": "city",
        "population": 76000,
        "FID_Asean": 7,
        "OBJECTID": 8,
        "Country": "Thailand",
        "Lat": 17.165556,
        "Long": 104.1522266,
        "flag": "https://moe-edugis.maps.arcgis.com/sharing/rest/content/items/d34f600b9bbd49bbad1d7b25df7a976e/data"
      },
      "geometry": {
        "type": "Point",
        "coordinates": [
          104.15222659999999,
          17.165555999999974
        ]
      }
    },
    {
      "type": "Feature",
      "properties": {
        "FID_Place1": 2905,
        "osm_id": 249399383,
        "name": "Myanmar",
        "type": "country",
        "population": 0,
        "FID_Asean": 8,
        "OBJECTID": 9,
        "Country": "Myanmar",
        "Lat": 17.175,
        "Long": 96.0,
        "flag": "https://moe-edugis.maps.arcgis.com/sharing/rest/content/items/d12d1524f8c246acadff543aa68217fb/data"
      },
      "geometry": {
        "type": "Point",
        "coordinates": [
          96.00000000000004,
          17.174999999999955
        ]
      }
    },
    {
      "type": "Feature",
      "properties": {
        "FID_Place1": 4380,
        "osm_id": 408351677,
        "name": "หนองบัวลำภู",
        "type": "city",
        "population": 0,
        "FID_Asean": 7,
        "OBJECTID": 8,
        "Country": "Thailand",
        "Lat": 17.2074052,
        "Long": 102.4362014,
        "flag": "https://moe-edugis.maps.arcgis.com/sharing/rest/content/items/d34f600b9bbd49bbad1d7b25df7a976e/data"
      },
      "geometry": {
        "type": "Point",
        "coordinates": [
          102.43620139999999,
          17.207405200000032
        ]
      }
    },
    {
      "type": "Feature",
      "properties": {
        "FID_Place1": 246,
        "osm_id": 133081246,
        "name": "ທ່າແຂກ",
        "type": "city",
        "population": 0,
        "FID_Asean": 3,
        "OBJECTID": 4,
        "Country": "Laos DR",
        "Lat": 17.3946182,
        "Long": 104.8064527,
        "flag": "https://moe-edugis.maps.arcgis.com/sharing/rest/content/items/679ec579146740c9a9428c3254d3b69e/data"
      },
      "geometry": {
        "type": "Point",
        "coordinates": [
          104.80645269999998,
          17.394618200000004
        ]
      }
    },
    {
      "type": "Feature",
      "properties": {
        "FID_Place1": 3007,
        "osm_id": 257903167,
        "name": "อุดรธาน",
        "type": "city",
        "population": 0,
        "FID_Asean": 7,
        "OBJECTID": 8,
        "Country": "Thailand",
        "Lat": 17.398328,
        "Long": 102.7928786,
        "flag": "https://moe-edugis.maps.arcgis.com/sharing/rest/content/items/d34f600b9bbd49bbad1d7b25df7a976e/data"
      },
      "geometry": {
        "type": "Point",
        "coordinates": [
          102.7928786,
          17.398328
        ]
      }
    },
    {
      "type": "Feature",
      "properties": {
        "FID_Place1": 4316,
        "osm_id": 369487094,
        "name": "Đồng Hới",
        "type": "city",
        "population": 0,
        "FID_Asean": 6,
        "OBJECTID": 7,
        "Country": "Vietnam",
        "Lat": 17.4691365,
        "Long": 106.6172068,
        "flag": "https://moe-edugis.maps.arcgis.com/sharing/rest/content/items/076922a49b8848019378d48e2f3099ad/data"
      },
      "geometry": {
        "type": "Point",
        "coordinates": [
          106.61720679999998,
          17.469136500000033
        ]
      }
    },
    {
      "type": "Feature",
      "properties": {
        "FID_Place1": 4379,
        "osm_id": 408089150,
        "name": "เลย",
        "type": "city",
        "population": 0,
        "FID_Asean": 7,
        "OBJECTID": 8,
        "Country": "Thailand",
        "Lat": 17.4944064,
        "Long": 101.7244157,
        "flag": "https://moe-edugis.maps.arcgis.com/sharing/rest/content/items/d34f600b9bbd49bbad1d7b25df7a976e/data"
      },
      "geometry": {
        "type": "Point",
        "coordinates": [
          101.7244157,
          17.49440640000001
        ]
      }
    },
    {
      "type": "Feature",
      "properties": {
        "FID_Place1": 224,
        "osm_id": 114123970,
        "name": "อุตรดิตถ์",
        "type": "city",
        "population": 0,
        "FID_Asean": 7,
        "OBJECTID": 8,
        "Country": "Thailand",
        "Lat": 17.6351923,
        "Long": 100.1002323,
        "flag": "https://moe-edugis.maps.arcgis.com/sharing/rest/content/items/d34f600b9bbd49bbad1d7b25df7a976e/data"
      },
      "geometry": {
        "type": "Point",
        "coordinates": [
          100.10023230000003,
          17.635192299999964
        ]
      }
    },
    {
      "type": "Feature",
      "properties": {
        "FID_Place1": 3008,
        "osm_id": 257903226,
        "name": "หนองคาย",
        "type": "city",
        "population": 35000,
        "FID_Asean": 7,
        "OBJECTID": 8,
        "Country": "Thailand",
        "Lat": 17.8815519,
        "Long": 102.7480423,
        "flag": "https://moe-edugis.maps.arcgis.com/sharing/rest/content/items/d34f600b9bbd49bbad1d7b25df7a976e/data"
      },
      "geometry": {
        "type": "Point",
        "coordinates": [
          102.74804229999997,
          17.881551899999977
        ]
      }
    },
    {
      "type": "Feature",
      "properties": {
        "FID_Place1": 232,
        "osm_id": 122739684,
        "name": "ວຽງຈັນ",
        "type": "city",
        "population": 200000,
        "FID_Asean": 3,
        "OBJECTID": 4,
        "Country": "Laos DR",
        "Lat": 17.9640929,
        "Long": 102.6133794,
        "flag": "https://moe-edugis.maps.arcgis.com/sharing/rest/content/items/679ec579146740c9a9428c3254d3b69e/data"
      },
      "geometry": {
        "type": "Point",
        "coordinates": [
          102.61337940000001,
          17.964092899999976
        ]
      }
    },
    {
      "type": "Feature",
      "properties": {
        "FID_Place1": 4391,
        "osm_id": 409978675,
        "name": "แพร่",
        "type": "city",
        "population": 0,
        "FID_Asean": 7,
        "OBJECTID": 8,
        "Country": "Thailand",
        "Lat": 18.1495595,
        "Long": 100.1314399,
        "flag": "https://moe-edugis.maps.arcgis.com/sharing/rest/content/items/d34f600b9bbd49bbad1d7b25df7a976e/data"
      },
      "geometry": {
        "type": "Point",
        "coordinates": [
          100.13143990000005,
          18.14955949999996
        ]
      }
    },
    {
      "type": "Feature",
      "properties": {
        "FID_Place1": 4094,
        "osm_id": 317949136,
        "name": "Laoag City",
        "type": "city",
        "population": 0,
        "FID_Asean": 4,
        "OBJECTID": 5,
        "Country": "Philippines",
        "Lat": 18.1948661,
        "Long": 120.5934722,
        "flag": "https://moe-edugis.maps.arcgis.com/sharing/rest/content/items/43e52d2c748540338f7accdd5e18dc5d/data"
      },
      "geometry": {
        "type": "Point",
        "coordinates": [
          120.5934722,
          18.1948661
        ]
      }
    },
    {
      "type": "Feature",
      "properties": {
        "FID_Place1": 356,
        "osm_id": 206600521,
        "name": "ลำปาง",
        "type": "city",
        "population": 60378,
        "FID_Asean": 7,
        "OBJECTID": 8,
        "Country": "Thailand",
        "Lat": 18.3000259,
        "Long": 99.5035932,
        "flag": "https://moe-edugis.maps.arcgis.com/sharing/rest/content/items/d34f600b9bbd49bbad1d7b25df7a976e/data"
      },
      "geometry": {
        "type": "Point",
        "coordinates": [
          99.5035932,
          18.30002590000001
        ]
      }
    },
    {
      "type": "Feature",
      "properties": {
        "FID_Place1": 4313,
        "osm_id": 369487086,
        "name": "Hà Tĩnh",
        "type": "city",
        "population": 0,
        "FID_Asean": 6,
        "OBJECTID": 7,
        "Country": "Vietnam",
        "Lat": 18.3452745,
        "Long": 105.9019482,
        "flag": "https://moe-edugis.maps.arcgis.com/sharing/rest/content/items/076922a49b8848019378d48e2f3099ad/data"
      },
      "geometry": {
        "type": "Point",
        "coordinates": [
          105.90194820000006,
          18.345274500000045
        ]
      }
    },
    {
      "type": "Feature",
      "properties": {
        "FID_Place1": 4309,
        "osm_id": 369487077,
        "name": "Vinh",
        "type": "city",
        "population": 0,
        "FID_Asean": 6,
        "OBJECTID": 7,
        "Country": "Vietnam",
        "Lat": 18.6706485,
        "Long": 105.6693348,
        "flag": "https://moe-edugis.maps.arcgis.com/sharing/rest/content/items/076922a49b8848019378d48e2f3099ad/data"
      },
      "geometry": {
        "type": "Point",
        "coordinates": [
          105.6693348,
          18.670648500000034
        ]
      }
    },
    {
      "type": "Feature",
      "properties": {
        "FID_Place1": 4389,
        "osm_id": 409968609,
        "name": "น่าน",
        "type": "city",
        "population": 0,
        "FID_Asean": 7,
        "OBJECTID": 8,
        "Country": "Thailand",
        "Lat": 18.7807203,
        "Long": 100.7798808,
        "flag": "https://moe-edugis.maps.arcgis.com/sharing/rest/content/items/d34f600b9bbd49bbad1d7b25df7a976e/data"
      },
      "geometry": {
        "type": "Point",
        "coordinates": [
          100.7798808,
          18.780720300000034
        ]
      }
    },
    {
      "type": "Feature",
      "properties": {
        "FID_Place1": 263,
        "osm_id": 178056220,
        "name": "เชียงใหม่",
        "type": "city",
        "population": 140000,
        "FID_Asean": 7,
        "OBJECTID": 8,
        "Country": "Thailand",
        "Lat": 18.789139,
        "Long": 98.9857246,
        "flag": "https://moe-edugis.maps.arcgis.com/sharing/rest/content/items/d34f600b9bbd49bbad1d7b25df7a976e/data"
      },
      "geometry": {
        "type": "Point",
        "coordinates": [
          98.98572460000001,
          18.789139000000006
        ]
      }
    },
    {
      "type": "Feature",
      "properties": {
        "FID_Place1": 370,
        "osm_id": 214636798,
        "name": "",
        "type": "city",
        "population": 0,
        "FID_Asean": 7,
        "OBJECTID": 8,
        "Country": "Thailand",
        "Lat": 18.8586162,
        "Long": 98.9714709,
        "flag": "https://moe-edugis.maps.arcgis.com/sharing/rest/content/items/d34f600b9bbd49bbad1d7b25df7a976e/data"
      },
      "geometry": {
        "type": "Point",
        "coordinates": [
          98.97147089999999,
          18.858616200000014
        ]
      }
    },
    {
      "type": "Feature",
      "properties": {
        "FID_Place1": 247,
        "osm_id": 133192553,
        "name": "ທ່າໂທມ",
        "type": "city",
        "population": 0,
        "FID_Asean": 3,
        "OBJECTID": 4,
        "Country": "Laos DR",
        "Lat": 18.9888003,
        "Long": 103.6018883,
        "flag": "https://moe-edugis.maps.arcgis.com/sharing/rest/content/items/679ec579146740c9a9428c3254d3b69e/data"
      },
      "geometry": {
        "type": "Point",
        "coordinates": [
          103.60188830000001,
          18.988800300000023
        ]
      }
    },
    {
      "type": "Feature",
      "properties": {
        "FID_Place1": 4261,
        "osm_id": 367367305,
        "name": "พะเยา",
        "type": "city",
        "population": 0,
        "FID_Asean": 7,
        "OBJECTID": 8,
        "Country": "Thailand",
        "Lat": 19.1661969,
        "Long": 99.9028873,
        "flag": "https://moe-edugis.maps.arcgis.com/sharing/rest/content/items/d34f600b9bbd49bbad1d7b25df7a976e/data"
      },
      "geometry": {
        "type": "Point",
        "coordinates": [
          99.90288729999999,
          19.166196900000024
        ]
      }
    },
    {
      "type": "Feature",
      "properties": {
        "FID_Place1": 3252,
        "osm_id": 300086614,
        "name": "Sayaboury",
        "type": "city",
        "population": 0,
        "FID_Asean": 3,
        "OBJECTID": 4,
        "Country": "Laos DR",
        "Lat": 19.2743345,
        "Long": 101.7105024,
        "flag": "https://moe-edugis.maps.arcgis.com/sharing/rest/content/items/679ec579146740c9a9428c3254d3b69e/data"
      },
      "geometry": {
        "type": "Point",
        "coordinates": [
          101.71050239999997,
          19.274334500000037
        ]
      }
    },
    {
      "type": "Feature",
      "properties": {
        "FID_Place1": 3258,
        "osm_id": 301515447,
        "name": "แม่ฮ่องสอน",
        "type": "city",
        "population": 0,
        "FID_Asean": 7,
        "OBJECTID": 8,
        "Country": "Thailand",
        "Lat": 19.2902694,
        "Long": 97.9616059,
        "flag": "https://moe-edugis.maps.arcgis.com/sharing/rest/content/items/d34f600b9bbd49bbad1d7b25df7a976e/data"
      },
      "geometry": {
        "type": "Point",
        "coordinates": [
          97.96160590000001,
          19.2902694
        ]
      }
    },
    {
      "type": "Feature",
      "properties": {
        "FID_Place1": 248,
        "osm_id": 133221690,
        "name": "Phonsavan",
        "type": "city",
        "population": 0,
        "FID_Asean": 3,
        "OBJECTID": 4,
        "Country": "Laos DR",
        "Lat": 19.4548559,
        "Long": 103.186626,
        "flag": "https://moe-edugis.maps.arcgis.com/sharing/rest/content/items/679ec579146740c9a9428c3254d3b69e/data"
      },
      "geometry": {
        "type": "Point",
        "coordinates": [
          103.18662599999998,
          19.45485590000004
        ]
      }
    },
    {
      "type": "Feature",
      "properties": {
        "FID_Place1": 4264,
        "osm_id": 369469617,
        "name": "Thanh Hóa",
        "type": "city",
        "population": 0,
        "FID_Asean": 6,
        "OBJECTID": 7,
        "Country": "Vietnam",
        "Lat": 19.811719,
        "Long": 105.7745698,
        "flag": "https://moe-edugis.maps.arcgis.com/sharing/rest/content/items/076922a49b8848019378d48e2f3099ad/data"
      },
      "geometry": {
        "type": "Point",
        "coordinates": [
          105.77456980000002,
          19.811718999999975
        ]
      }
    },
    {
      "type": "Feature",
      "properties": {
        "FID_Place1": 3570,
        "osm_id": 315390382,
        "name": "နေပြည်တော",
        "type": "city",
        "population": 0,
        "FID_Asean": 8,
        "OBJECTID": 9,
        "Country": "Myanmar",
        "Lat": 19.8515911,
        "Long": 96.3055645,
        "flag": "https://moe-edugis.maps.arcgis.com/sharing/rest/content/items/d12d1524f8c246acadff543aa68217fb/data"
      },
      "geometry": {
        "type": "Point",
        "coordinates": [
          96.30556450000003,
          19.851591099999958
        ]
      }
    },
    {
      "type": "Feature",
      "properties": {
        "FID_Place1": 228,
        "osm_id": 116056557,
        "name": "ຫຼວງພະບາງ",
        "type": "city",
        "population": 0,
        "FID_Asean": 3,
        "OBJECTID": 4,
        "Country": "Laos DR",
        "Lat": 19.8887438,
        "Long": 102.135898,
        "flag": "https://moe-edugis.maps.arcgis.com/sharing/rest/content/items/679ec579146740c9a9428c3254d3b69e/data"
      },
      "geometry": {
        "type": "Point",
        "coordinates": [
          102.13589800000001,
          19.8887438
        ]
      }
    },
    {
      "type": "Feature",
      "properties": {
        "FID_Place1": 2878,
        "osm_id": 249246784,
        "name": "เชียงราย",
        "type": "city",
        "population": 0,
        "FID_Asean": 7,
        "OBJECTID": 8,
        "Country": "Thailand",
        "Lat": 19.902496,
        "Long": 99.8387326,
        "flag": "https://moe-edugis.maps.arcgis.com/sharing/rest/content/items/d34f600b9bbd49bbad1d7b25df7a976e/data"
      },
      "geometry": {
        "type": "Point",
        "coordinates": [
          99.8387326,
          19.90249600000002
        ]
      }
    },
    {
      "type": "Feature",
      "properties": {
        "FID_Place1": 2902,
        "osm_id": 249399366,
        "name": "Laos",
        "type": "country",
        "population": 0,
        "FID_Asean": 3,
        "OBJECTID": 4,
        "Country": "Laos DR",
        "Lat": 20.0170797,
        "Long": 103.3782729,
        "flag": "https://moe-edugis.maps.arcgis.com/sharing/rest/content/items/679ec579146740c9a9428c3254d3b69e/data"
      },
      "geometry": {
        "type": "Point",
        "coordinates": [
          103.3782729,
          20.017079700000032
        ]
      }
    },
    {
      "type": "Feature",
      "properties": {
        "FID_Place1": 4272,
        "osm_id": 369486919,
        "name": "Ninh Bình",
        "type": "city",
        "population": 0,
        "FID_Asean": 6,
        "OBJECTID": 7,
        "Country": "Vietnam",
        "Lat": 20.2545421,
        "Long": 105.9764854,
        "flag": "https://moe-edugis.maps.arcgis.com/sharing/rest/content/items/076922a49b8848019378d48e2f3099ad/data"
      },
      "geometry": {
        "type": "Point",
        "coordinates": [
          105.97648540000004,
          20.25454210000001
        ]
      }
    },
    {
      "type": "Feature",
      "properties": {
        "FID_Place1": 3242,
        "osm_id": 297975116,
        "name": "ຫ້ວຍຊາຍ",
        "type": "city",
        "population": 0,
        "FID_Asean": 3,
        "OBJECTID": 4,
        "Country": "Laos DR",
        "Lat": 20.2786006,
        "Long": 100.4127187,
        "flag": "https://moe-edugis.maps.arcgis.com/sharing/rest/content/items/679ec579146740c9a9428c3254d3b69e/data"
      },
      "geometry": {
        "type": "Point",
        "coordinates": [
          100.41271870000004,
          20.278600600000033
        ]
      }
    },
    {
      "type": "Feature",
      "properties": {
        "FID_Place1": 4320,
        "osm_id": 369487110,
        "name": "Nam Định",
        "type": "city",
        "population": 0,
        "FID_Asean": 6,
        "OBJECTID": 7,
        "Country": "Vietnam",
        "Lat": 20.4230328,
        "Long": 106.1683794,
        "flag": "https://moe-edugis.maps.arcgis.com/sharing/rest/content/items/076922a49b8848019378d48e2f3099ad/data"
      },
      "geometry": {
        "type": "Point",
        "coordinates": [
          106.16837939999999,
          20.423032799999966
        ]
      }
    },
    {
      "type": "Feature",
      "properties": {
        "FID_Place1": 4286,
        "osm_id": 369487012,
        "name": "Thái Bình",
        "type": "city",
        "population": 0,
        "FID_Asean": 6,
        "OBJECTID": 7,
        "Country": "Vietnam",
        "Lat": 20.4465727,
        "Long": 106.3345038,
        "flag": "https://moe-edugis.maps.arcgis.com/sharing/rest/content/items/076922a49b8848019378d48e2f3099ad/data"
      },
      "geometry": {
        "type": "Point",
        "coordinates": [
          106.33450380000001,
          20.446572699999983
        ]
      }
    },
    {
      "type": "Feature",
      "properties": {
        "FID_Place1": 2879,
        "osm_id": 249249716,
        "name": "Tachileik",
        "type": "city",
        "population": 0,
        "FID_Asean": 8,
        "OBJECTID": 9,
        "Country": "Myanmar",
        "Lat": 20.4490789,
        "Long": 99.8842143,
        "flag": "https://moe-edugis.maps.arcgis.com/sharing/rest/content/items/d12d1524f8c246acadff543aa68217fb/data"
      },
      "geometry": {
        "type": "Point",
        "coordinates": [
          99.88421429999997,
          20.449078900000046
        ]
      }
    },
    {
      "type": "Feature",
      "properties": {
        "FID_Place1": 4294,
        "osm_id": 369487036,
        "name": "Phủ Lý",
        "type": "city",
        "population": 0,
        "FID_Asean": 6,
        "OBJECTID": 7,
        "Country": "Vietnam",
        "Lat": 20.5446031,
        "Long": 105.9159308,
        "flag": "https://moe-edugis.maps.arcgis.com/sharing/rest/content/items/076922a49b8848019378d48e2f3099ad/data"
      },
      "geometry": {
        "type": "Point",
        "coordinates": [
          105.91593080000004,
          20.54460310000003
        ]
      }
    },
    {
      "type": "Feature",
      "properties": {
        "FID_Place1": 4283,
        "osm_id": 369486949,
        "name": "Hưng Yên",
        "type": "city",
        "population": 0,
        "FID_Asean": 6,
        "OBJECTID": 7,
        "Country": "Vietnam",
        "Lat": 20.6490983,
        "Long": 106.0509951,
        "flag": "https://moe-edugis.maps.arcgis.com/sharing/rest/content/items/076922a49b8848019378d48e2f3099ad/data"
      },
      "geometry": {
        "type": "Point",
        "coordinates": [
          106.05099509999998,
          20.649098300000027
        ]
      }
    },
    {
      "type": "Feature",
      "properties": {
        "FID_Place1": 235,
        "osm_id": 127799783,
        "name": "ອຸດົມໄຊ",
        "type": "city",
        "population": 0,
        "FID_Asean": 3,
        "OBJECTID": 4,
        "Country": "Laos DR",
        "Lat": 20.6974307,
        "Long": 101.9836423,
        "flag": "https://moe-edugis.maps.arcgis.com/sharing/rest/content/items/679ec579146740c9a9428c3254d3b69e/data"
      },
      "geometry": {
        "type": "Point",
        "coordinates": [
          101.98364229999997,
          20.697430699999956
        ]
      }
    },
    {
      "type": "Feature",
      "properties": {
        "FID_Place1": 4305,
        "osm_id": 369487067,
        "name": "Hòa Bình",
        "type": "city",
        "population": 0,
        "FID_Asean": 6,
        "OBJECTID": 7,
        "Country": "Vietnam",
        "Lat": 20.8130014,
        "Long": 105.3452974,
        "flag": "https://moe-edugis.maps.arcgis.com/sharing/rest/content/items/076922a49b8848019378d48e2f3099ad/data"
      },
      "geometry": {
        "type": "Point",
        "coordinates": [
          105.34529740000004,
          20.81300140000001
        ]
      }
    },
    {
      "type": "Feature",
      "properties": {
        "FID_Place1": 206,
        "osm_id": 92417297,
        "name": "Hải Phòng",
        "type": "city",
        "population": 0,
        "FID_Asean": 6,
        "OBJECTID": 7,
        "Country": "Vietnam",
        "Lat": 20.8476125,
        "Long": 106.7074328,
        "flag": "https://moe-edugis.maps.arcgis.com/sharing/rest/content/items/076922a49b8848019378d48e2f3099ad/data"
      },
      "geometry": {
        "type": "Point",
        "coordinates": [
          106.70743279999999,
          20.847612499999997
        ]
      }
    },
    {
      "type": "Feature",
      "properties": {
        "FID_Place1": 4312,
        "osm_id": 369487083,
        "name": "Hải Phòng",
        "type": "city",
        "population": 0,
        "FID_Asean": 6,
        "OBJECTID": 7,
        "Country": "Vietnam",
        "Lat": 20.858864,
        "Long": 106.6749591,
        "flag": "https://moe-edugis.maps.arcgis.com/sharing/rest/content/items/076922a49b8848019378d48e2f3099ad/data"
      },
      "geometry": {
        "type": "Point",
        "coordinates": [
          106.67495910000002,
          20.85886399999996
        ]
      }
    },
    {
      "type": "Feature",
      "properties": {
        "FID_Place1": 4322,
        "osm_id": 369487115,
        "name": "Hải Dương",
        "type": "city",
        "population": 0,
        "FID_Asean": 6,
        "OBJECTID": 7,
        "Country": "Vietnam",
        "Lat": 20.9430878,
        "Long": 106.3225388,
        "flag": "https://moe-edugis.maps.arcgis.com/sharing/rest/content/items/076922a49b8848019378d48e2f3099ad/data"
      },
      "geometry": {
        "type": "Point",
        "coordinates": [
          106.32253879999999,
          20.943087800000022
        ]
      }
    },
    {
      "type": "Feature",
      "properties": {
        "FID_Place1": 4321,
        "osm_id": 369487113,
        "name": "Hạ Long",
        "type": "city",
        "population": 0,
        "FID_Asean": 6,
        "OBJECTID": 7,
        "Country": "Vietnam",
        "Lat": 20.9528365,
        "Long": 107.0800003,
        "flag": "https://moe-edugis.maps.arcgis.com/sharing/rest/content/items/076922a49b8848019378d48e2f3099ad/data"
      },
      "geometry": {
        "type": "Point",
        "coordinates": [
          107.08000030000001,
          20.95283649999999
        ]
      }
    },
    {
      "type": "Feature",
      "properties": {
        "FID_Place1": 3549,
        "osm_id": 311548456,
        "name": "Hon Gay",
        "type": "city",
        "population": 0,
        "FID_Asean": 6,
        "OBJECTID": 7,
        "Country": "Vietnam",
        "Lat": 20.9559532,
        "Long": 107.0946188,
        "flag": "https://moe-edugis.maps.arcgis.com/sharing/rest/content/items/076922a49b8848019378d48e2f3099ad/data"
      },
      "geometry": {
        "type": "Point",
        "coordinates": [
          107.09461880000002,
          20.955953200000025
        ]
      }
    },
    {
      "type": "Feature",
      "properties": {
        "FID_Place1": 4296,
        "osm_id": 369487042,
        "name": "Hà Đông",
        "type": "city",
        "population": 0,
        "FID_Asean": 6,
        "OBJECTID": 7,
        "Country": "Vietnam",
        "Lat": 20.9740832,
        "Long": 105.7690232,
        "flag": "https://moe-edugis.maps.arcgis.com/sharing/rest/content/items/076922a49b8848019378d48e2f3099ad/data"
      },
      "geometry": {
        "type": "Point",
        "coordinates": [
          105.76902320000002,
          20.974083199999974
        ]
      }
    },
    {
      "type": "Feature",
      "properties": {
        "FID_Place1": 240,
        "osm_id": 132714958,
        "name": "ຫຼວງນ້ຳທາ",
        "type": "city",
        "population": 0,
        "FID_Asean": 3,
        "OBJECTID": 4,
        "Country": "Laos DR",
        "Lat": 21.0060466,
        "Long": 101.4065108,
        "flag": "https://moe-edugis.maps.arcgis.com/sharing/rest/content/items/679ec579146740c9a9428c3254d3b69e/data"
      },
      "geometry": {
        "type": "Point",
        "coordinates": [
          101.4065108,
          21.006046599999998
        ]
      }
    },
    {
      "type": "Feature",
      "properties": {
        "FID_Place1": 192,
        "osm_id": 74132064,
        "name": "Hà Nội",
        "type": "city",
        "population": 0,
        "FID_Asean": 6,
        "OBJECTID": 7,
        "Country": "Vietnam",
        "Lat": 21.0338612,
        "Long": 105.8421164,
        "flag": "https://moe-edugis.maps.arcgis.com/sharing/rest/content/items/076922a49b8848019378d48e2f3099ad/data"
      },
      "geometry": {
        "type": "Point",
        "coordinates": [
          105.8421164,
          21.033861200000032
        ]
      }
    },
    {
      "type": "Feature",
      "properties": {
        "FID_Place1": 4298,
        "osm_id": 369487046,
        "name": "Bắc Ninh",
        "type": "city",
        "population": 0,
        "FID_Asean": 6,
        "OBJECTID": 7,
        "Country": "Vietnam",
        "Lat": 21.1824792,
        "Long": 106.0564275,
        "flag": "https://moe-edugis.maps.arcgis.com/sharing/rest/content/items/076922a49b8848019378d48e2f3099ad/data"
      },
      "geometry": {
        "type": "Point",
        "coordinates": [
          106.05642750000004,
          21.182479199999996
        ]
      }
    },
    {
      "type": "Feature",
      "properties": {
        "FID_Place1": 4292,
        "osm_id": 369487030,
        "name": "Bắc Giang",
        "type": "city",
        "population": 0,
        "FID_Asean": 6,
        "OBJECTID": 7,
        "Country": "Vietnam",
        "Lat": 21.2779313,
        "Long": 106.1938814,
        "flag": "https://moe-edugis.maps.arcgis.com/sharing/rest/content/items/076922a49b8848019378d48e2f3099ad/data"
      },
      "geometry": {
        "type": "Point",
        "coordinates": [
          106.1938814,
          21.27793129999997
        ]
      }
    },
    {
      "type": "Feature",
      "properties": {
        "FID_Place1": 4282,
        "osm_id": 369486946,
        "name": "Vĩnh Yên",
        "type": "city",
        "population": 0,
        "FID_Asean": 6,
        "OBJECTID": 7,
        "Country": "Vietnam",
        "Lat": 21.3112362,
        "Long": 105.5930165,
        "flag": "https://moe-edugis.maps.arcgis.com/sharing/rest/content/items/076922a49b8848019378d48e2f3099ad/data"
      },
      "geometry": {
        "type": "Point",
        "coordinates": [
          105.59301649999999,
          21.311236199999968
        ]
      }
    },
    {
      "type": "Feature",
      "properties": {
        "FID_Place1": 4278,
        "osm_id": 369486936,
        "name": "Việt Trì",
        "type": "city",
        "population": 0,
        "FID_Asean": 6,
        "OBJECTID": 7,
        "Country": "Vietnam",
        "Lat": 21.3166514,
        "Long": 105.4048829,
        "flag": "https://moe-edugis.maps.arcgis.com/sharing/rest/content/items/076922a49b8848019378d48e2f3099ad/data"
      },
      "geometry": {
        "type": "Point",
        "coordinates": [
          105.40488289999996,
          21.316651400000026
        ]
      }
    },
    {
      "type": "Feature",
      "properties": {
        "FID_Place1": 4314,
        "osm_id": 369487088,
        "name": "Sơn La",
        "type": "city",
        "population": 0,
        "FID_Asean": 6,
        "OBJECTID": 7,
        "Country": "Vietnam",
        "Lat": 21.3282643,
        "Long": 103.9005252,
        "flag": "https://moe-edugis.maps.arcgis.com/sharing/rest/content/items/076922a49b8848019378d48e2f3099ad/data"
      },
      "geometry": {
        "type": "Point",
        "coordinates": [
          103.90052520000005,
          21.328264299999958
        ]
      }
    },
    {
      "type": "Feature",
      "properties": {
        "FID_Place1": 4284,
        "osm_id": 369486983,
        "name": "Thái Nguyên",
        "type": "city",
        "population": 0,
        "FID_Asean": 6,
        "OBJECTID": 7,
        "Country": "Vietnam",
        "Lat": 21.592477,
        "Long": 105.8435398,
        "flag": "https://moe-edugis.maps.arcgis.com/sharing/rest/content/items/076922a49b8848019378d48e2f3099ad/data"
      },
      "geometry": {
        "type": "Point",
        "coordinates": [
          105.84353979999999,
          21.592477000000017
        ]
      }
    },
    {
      "type": "Feature",
      "properties": {
        "FID_Place1": 242,
        "osm_id": 132724948,
        "name": "ຜົ້ງສາລີ",
        "type": "city",
        "population": 0,
        "FID_Asean": 3,
        "OBJECTID": 4,
        "Country": "Laos DR",
        "Lat": 21.6834928,
        "Long": 102.1056616,
        "flag": "https://moe-edugis.maps.arcgis.com/sharing/rest/content/items/679ec579146740c9a9428c3254d3b69e/data"
      },
      "geometry": {
        "type": "Point",
        "coordinates": [
          102.10566159999996,
          21.68349280000001
        ]
      }
    },
    {
      "type": "Feature",
      "properties": {
        "FID_Place1": 4293,
        "osm_id": 369487033,
        "name": "Yên Bái",
        "type": "city",
        "population": 0,
        "FID_Asean": 6,
        "OBJECTID": 7,
        "Country": "Vietnam",
        "Lat": 21.7026194,
        "Long": 104.8714412,
        "flag": "https://moe-edugis.maps.arcgis.com/sharing/rest/content/items/076922a49b8848019378d48e2f3099ad/data"
      },
      "geometry": {
        "type": "Point",
        "coordinates": [
          104.87144120000004,
          21.702619399999996
        ]
      }
    },
    {
      "type": "Feature",
      "properties": {
        "FID_Place1": 4279,
        "osm_id": 369486939,
        "name": "Tuyên Quang",
        "type": "city",
        "population": 0,
        "FID_Asean": 6,
        "OBJECTID": 7,
        "Country": "Vietnam",
        "Lat": 21.8262252,
        "Long": 105.2132832,
        "flag": "https://moe-edugis.maps.arcgis.com/sharing/rest/content/items/076922a49b8848019378d48e2f3099ad/data"
      },
      "geometry": {
        "type": "Point",
        "coordinates": [
          105.21328320000003,
          21.82622519999999
        ]
      }
    },
    {
      "type": "Feature",
      "properties": {
        "FID_Place1": 4303,
        "osm_id": 369487061,
        "name": "Phong Thổ",
        "type": "city",
        "population": 0,
        "FID_Asean": 6,
        "OBJECTID": 7,
        "Country": "Vietnam",
        "Lat": 22.4059998,
        "Long": 103.4489245,
        "flag": "https://moe-edugis.maps.arcgis.com/sharing/rest/content/items/076922a49b8848019378d48e2f3099ad/data"
      },
      "geometry": {
        "type": "Point",
        "coordinates": [
          103.4489245,
          22.405999799999968
        ]
      }
    },
    {
      "type": "Feature",
      "properties": {
        "FID_Place1": 4276,
        "osm_id": 369486930,
        "name": "Lào Cai",
        "type": "city",
        "population": 0,
        "FID_Asean": 6,
        "OBJECTID": 7,
        "Country": "Vietnam",
        "Lat": 22.4940822,
        "Long": 103.9623924,
        "flag": "https://moe-edugis.maps.arcgis.com/sharing/rest/content/items/076922a49b8848019378d48e2f3099ad/data"
      },
      "geometry": {
        "type": "Point",
        "coordinates": [
          103.96239240000003,
          22.494082199999994
        ]
      }
    },
    {
      "type": "Feature",
      "properties": {
        "FID_Place1": 4273,
        "osm_id": 369486922,
        "name": "Cao Bằng",
        "type": "city",
        "population": 0,
        "FID_Asean": 6,
        "OBJECTID": 7,
        "Country": "Vietnam",
        "Lat": 22.6556598,
        "Long": 106.2611801,
        "flag": "https://moe-edugis.maps.arcgis.com/sharing/rest/content/items/076922a49b8848019378d48e2f3099ad/data"
      },
      "geometry": {
        "type": "Point",
        "coordinates": [
          106.26118009999998,
          22.65565980000003
        ]
      }
    },
    {
      "type": "Feature",
      "properties": {
        "FID_Place1": 4266,
        "osm_id": 369486903,
        "name": "Hà Giang",
        "type": "city",
        "population": 0,
        "FID_Asean": 6,
        "OBJECTID": 7,
        "Country": "Vietnam",
        "Lat": 22.8305652,
        "Long": 104.9741485,
        "flag": "https://moe-edugis.maps.arcgis.com/sharing/rest/content/items/076922a49b8848019378d48e2f3099ad/data"
      },
      "geometry": {
        "type": "Point",
        "coordinates": [
          104.97414849999998,
          22.830565199999967
        ]
      }
    }
  ]
}